experiment,start_time,dataset,fold,test_accuracy,test_accuracy_dt,test_accuracy_dt_pruned,test_accuracy_cm,data_dir,temperature,layer_type,aggregation_mode,nonlinearity,evaluation_nonlinearity,concept_embedding_size,concept_temperature,a,dropout,use_batch_norm,hidden_units,state_size,num_layers,skip_connection,bounding_parameter,batch_size,device,train_decision_tree,max_leaf_nodes,learning_rate,max_epochs,num_cv,entropy_loss_scaling,early_stopping,loss_mode,num_recurrent_iterations,teacher_max_epochs,train_concept_model,student_layer_type,student_aggregation_mode,concept_memory_disjunctions
"Ablation Study - CMR - Entropy Loss, Bronze Age",02_04_25_01_21,Simple_Saturation,0,0.3019999861717224,,,,downloads,1.0,memory-based-concept-reasoner,bronze_age,,differentiable_argmax,32,0.1,10.0,0.0,True,16,3,1,True,10,128,mps,False,100,0.01,1500,10,0.2,True,binary_cross_entropy,1,15,False,memory-based-concept-reasoner,,4
"Ablation Study - CMR - Entropy Loss, Bronze Age",02_04_25_01_21,Simple_Saturation,1,0.6980000138282776,,,,downloads,1.0,memory-based-concept-reasoner,bronze_age,,differentiable_argmax,32,0.1,10.0,0.0,True,16,3,1,True,10,128,mps,False,100,0.01,1500,10,0.2,True,binary_cross_entropy,1,15,False,memory-based-concept-reasoner,,4
"Ablation Study - CMR - Entropy Loss, Bronze Age",02_04_25_01_21,Simple_Saturation,2,0.3019999861717224,,,,downloads,1.0,memory-based-concept-reasoner,bronze_age,,differentiable_argmax,32,0.1,10.0,0.0,True,16,3,1,True,10,128,mps,False,100,0.01,1500,10,0.2,True,binary_cross_entropy,1,15,False,memory-based-concept-reasoner,,4
"Ablation Study - CMR - Entropy Loss, Bronze Age",02_04_25_01_21,Simple_Saturation,3,0.6980000138282776,,,,downloads,1.0,memory-based-concept-reasoner,bronze_age,,differentiable_argmax,32,0.1,10.0,0.0,True,16,3,1,True,10,128,mps,False,100,0.01,1500,10,0.2,True,binary_cross_entropy,1,15,False,memory-based-concept-reasoner,,4
"Ablation Study - CMR - Entropy Loss, Bronze Age",02_04_25_01_21,Simple_Saturation,4,0.3240000009536743,,,,downloads,1.0,memory-based-concept-reasoner,bronze_age,,differentiable_argmax,32,0.1,10.0,0.0,True,16,3,1,True,10,128,mps,False,100,0.01,1500,10,0.2,True,binary_cross_entropy,1,15,False,memory-based-concept-reasoner,,4
"Ablation Study - CMR - Entropy Loss, Bronze Age",02_04_25_01_21,Simple_Saturation,5,0.703000009059906,,,,downloads,1.0,memory-based-concept-reasoner,bronze_age,,differentiable_argmax,32,0.1,10.0,0.0,True,16,3,1,True,10,128,mps,False,100,0.01,1500,10,0.2,True,binary_cross_entropy,1,15,False,memory-based-concept-reasoner,,4
"Ablation Study - CMR - Entropy Loss, Bronze Age",02_04_25_01_21,Simple_Saturation,6,0.6980000138282776,,,,downloads,1.0,memory-based-concept-reasoner,bronze_age,,differentiable_argmax,32,0.1,10.0,0.0,True,16,3,1,True,10,128,mps,False,100,0.01,1500,10,0.2,True,binary_cross_entropy,1,15,False,memory-based-concept-reasoner,,4
"Ablation Study - CMR - Entropy Loss, Bronze Age",02_04_25_01_21,Simple_Saturation,7,0.703000009059906,,,,downloads,1.0,memory-based-concept-reasoner,bronze_age,,differentiable_argmax,32,0.1,10.0,0.0,True,16,3,1,True,10,128,mps,False,100,0.01,1500,10,0.2,True,binary_cross_entropy,1,15,False,memory-based-concept-reasoner,,4
"Ablation Study - CMR - Entropy Loss, Bronze Age",02_04_25_01_21,Simple_Saturation,8,0.6980000138282776,,,,downloads,1.0,memory-based-concept-reasoner,bronze_age,,differentiable_argmax,32,0.1,10.0,0.0,True,16,3,1,True,10,128,mps,False,100,0.01,1500,10,0.2,True,binary_cross_entropy,1,15,False,memory-based-concept-reasoner,,4
"Ablation Study - CMR - Entropy Loss, Bronze Age",02_04_25_01_21,Simple_Saturation,9,0.3240000009536743,,,,downloads,1.0,memory-based-concept-reasoner,bronze_age,,differentiable_argmax,32,0.1,10.0,0.0,True,16,3,1,True,10,128,mps,False,100,0.01,1500,10,0.2,True,binary_cross_entropy,1,15,False,memory-based-concept-reasoner,,4
"Ablation Study - CMR - Entropy Loss, Bronze Age",02_04_25_01_21,Saturation,0,0.6209999918937683,,,,downloads,1.0,memory-based-concept-reasoner,bronze_age,,differentiable_argmax,32,0.1,10.0,0.0,True,16,3,1,True,10,1,mps,False,100,0.01,1500,10,0.2,True,binary_cross_entropy,1,15,False,memory-based-concept-reasoner,,4
"Ablation Study - CMR - Entropy Loss, Bronze Age",02_04_25_01_21,Saturation,1,0.5,,,,downloads,1.0,memory-based-concept-reasoner,bronze_age,,differentiable_argmax,32,0.1,10.0,0.0,True,16,3,1,True,10,1,mps,False,100,0.01,1500,10,0.2,True,binary_cross_entropy,1,15,False,memory-based-concept-reasoner,,4
"Ablation Study - CMR - Entropy Loss, Bronze Age",02_04_25_01_21,Saturation,2,0.5,,,,downloads,1.0,memory-based-concept-reasoner,bronze_age,,differentiable_argmax,32,0.1,10.0,0.0,True,16,3,1,True,10,1,mps,False,100,0.01,1500,10,0.2,True,binary_cross_entropy,1,15,False,memory-based-concept-reasoner,,4
"Ablation Study - CMR - Entropy Loss, Bronze Age",02_04_25_01_21,Saturation,3,0.5,,,,downloads,1.0,memory-based-concept-reasoner,bronze_age,,differentiable_argmax,32,0.1,10.0,0.0,True,16,3,1,True,10,1,mps,False,100,0.01,1500,10,0.2,True,binary_cross_entropy,1,15,False,memory-based-concept-reasoner,,4
"Ablation Study - CMR - Entropy Loss, Bronze Age",02_04_25_01_21,Saturation,4,0.6150000095367432,,,,downloads,1.0,memory-based-concept-reasoner,bronze_age,,differentiable_argmax,32,0.1,10.0,0.0,True,16,3,1,True,10,1,mps,False,100,0.01,1500,10,0.2,True,binary_cross_entropy,1,15,False,memory-based-concept-reasoner,,4
"Ablation Study - CMR - Entropy Loss, Bronze Age",02_04_25_01_21,Saturation,5,0.5329999923706055,,,,downloads,1.0,memory-based-concept-reasoner,bronze_age,,differentiable_argmax,32,0.1,10.0,0.0,True,16,3,1,True,10,1,mps,False,100,0.01,1500,10,0.2,True,binary_cross_entropy,1,15,False,memory-based-concept-reasoner,,4
"Ablation Study - CMR - Entropy Loss, Bronze Age",02_04_25_01_21,Saturation,6,0.6039999723434448,,,,downloads,1.0,memory-based-concept-reasoner,bronze_age,,differentiable_argmax,32,0.1,10.0,0.0,True,16,3,1,True,10,1,mps,False,100,0.01,1500,10,0.2,True,binary_cross_entropy,1,15,False,memory-based-concept-reasoner,,4
"Ablation Study - CMR - Entropy Loss, Bronze Age",02_04_25_01_21,Saturation,7,0.8410000205039978,,,,downloads,1.0,memory-based-concept-reasoner,bronze_age,,differentiable_argmax,32,0.1,10.0,0.0,True,16,3,1,True,10,1,mps,False,100,0.01,1500,10,0.2,True,binary_cross_entropy,1,15,False,memory-based-concept-reasoner,,4
"Ablation Study - CMR - Entropy Loss, Bronze Age",02_04_25_01_21,Saturation,8,0.5659999847412109,,,,downloads,1.0,memory-based-concept-reasoner,bronze_age,,differentiable_argmax,32,0.1,10.0,0.0,True,16,3,1,True,10,1,mps,False,100,0.01,1500,10,0.2,True,binary_cross_entropy,1,15,False,memory-based-concept-reasoner,,4
"Ablation Study - CMR - Entropy Loss, Bronze Age",02_04_25_01_21,Saturation,9,0.5,,,,downloads,1.0,memory-based-concept-reasoner,bronze_age,,differentiable_argmax,32,0.1,10.0,0.0,True,16,3,1,True,10,1,mps,False,100,0.01,1500,10,0.2,True,binary_cross_entropy,1,15,False,memory-based-concept-reasoner,,4
"Ablation Study - CMR - Entropy Loss, Bronze Age",02_04_25_01_21,Infection,0,0.05000000074505806,,,,downloads,1.0,memory-based-concept-reasoner,bronze_age,,differentiable_argmax,32,0.1,10.0,0.0,True,16,6,5,True,10,128,mps,False,100,0.01,1500,10,0.2,True,binary_cross_entropy,1,15,False,memory-based-concept-reasoner,,4
"Ablation Study - CMR - Entropy Loss, Bronze Age",02_04_25_01_21,Infection,1,0.05000000074505806,,,,downloads,1.0,memory-based-concept-reasoner,bronze_age,,differentiable_argmax,32,0.1,10.0,0.0,True,16,6,5,True,10,128,mps,False,100,0.01,1500,10,0.2,True,binary_cross_entropy,1,15,False,memory-based-concept-reasoner,,4
"Ablation Study - CMR - Entropy Loss, Bronze Age",02_04_25_01_21,Infection,2,0.05000000074505806,,,,downloads,1.0,memory-based-concept-reasoner,bronze_age,,differentiable_argmax,32,0.1,10.0,0.0,True,16,6,5,True,10,128,mps,False,100,0.01,1500,10,0.2,True,binary_cross_entropy,1,15,False,memory-based-concept-reasoner,,4
"Ablation Study - CMR - Entropy Loss, Bronze Age",02_04_25_01_21,Infection,3,0.05000000074505806,,,,downloads,1.0,memory-based-concept-reasoner,bronze_age,,differentiable_argmax,32,0.1,10.0,0.0,True,16,6,5,True,10,128,mps,False,100,0.01,1500,10,0.2,True,binary_cross_entropy,1,15,False,memory-based-concept-reasoner,,4
"Ablation Study - CMR - Entropy Loss, Bronze Age",02_04_25_01_21,Infection,4,0.05000000074505806,,,,downloads,1.0,memory-based-concept-reasoner,bronze_age,,differentiable_argmax,32,0.1,10.0,0.0,True,16,6,5,True,10,128,mps,False,100,0.01,1500,10,0.2,True,binary_cross_entropy,1,15,False,memory-based-concept-reasoner,,4
"Ablation Study - CMR - Entropy Loss, Bronze Age",02_04_25_01_21,Infection,5,0.05000000074505806,,,,downloads,1.0,memory-based-concept-reasoner,bronze_age,,differentiable_argmax,32,0.1,10.0,0.0,True,16,6,5,True,10,128,mps,False,100,0.01,1500,10,0.2,True,binary_cross_entropy,1,15,False,memory-based-concept-reasoner,,4
"Ablation Study - CMR - Entropy Loss, Bronze Age",02_04_25_01_21,Infection,6,0.05000000074505806,,,,downloads,1.0,memory-based-concept-reasoner,bronze_age,,differentiable_argmax,32,0.1,10.0,0.0,True,16,6,5,True,10,128,mps,False,100,0.01,1500,10,0.2,True,binary_cross_entropy,1,15,False,memory-based-concept-reasoner,,4
"Ablation Study - CMR - Entropy Loss, Bronze Age",02_04_25_01_21,Infection,7,0.05000000074505806,,,,downloads,1.0,memory-based-concept-reasoner,bronze_age,,differentiable_argmax,32,0.1,10.0,0.0,True,16,6,5,True,10,128,mps,False,100,0.01,1500,10,0.2,True,binary_cross_entropy,1,15,False,memory-based-concept-reasoner,,4
"Ablation Study - CMR - Entropy Loss, Bronze Age",02_04_25_01_21,Infection,8,0.05000000074505806,,,,downloads,1.0,memory-based-concept-reasoner,bronze_age,,differentiable_argmax,32,0.1,10.0,0.0,True,16,6,5,True,10,128,mps,False,100,0.01,1500,10,0.2,True,binary_cross_entropy,1,15,False,memory-based-concept-reasoner,,4
"Ablation Study - CMR - Entropy Loss, Bronze Age",02_04_25_01_21,Infection,9,0.05000000074505806,,,,downloads,1.0,memory-based-concept-reasoner,bronze_age,,differentiable_argmax,32,0.1,10.0,0.0,True,16,6,5,True,10,128,mps,False,100,0.01,1500,10,0.2,True,binary_cross_entropy,1,15,False,memory-based-concept-reasoner,,4
"Ablation Study - CMR - Entropy Loss, Bronze Age, Diff Argmax",02_04_25_04_02,Simple_Saturation,0,0.6980000138282776,,,,downloads,1.0,memory-based-concept-reasoner,bronze_age,differentiable_argmax,differentiable_argmax,32,0.1,10.0,0.0,True,16,3,1,True,10,128,mps,False,100,0.01,1500,10,0.2,True,binary_cross_entropy,1,15,False,memory-based-concept-reasoner,,4
"Ablation Study - CMR - Entropy Loss, Bronze Age, Diff Argmax",02_04_25_04_02,Simple_Saturation,1,0.3019999861717224,,,,downloads,1.0,memory-based-concept-reasoner,bronze_age,differentiable_argmax,differentiable_argmax,32,0.1,10.0,0.0,True,16,3,1,True,10,128,mps,False,100,0.01,1500,10,0.2,True,binary_cross_entropy,1,15,False,memory-based-concept-reasoner,,4
"Ablation Study - CMR - Entropy Loss, Bronze Age, Diff Argmax",02_04_25_04_02,Simple_Saturation,2,0.3019999861717224,,,,downloads,1.0,memory-based-concept-reasoner,bronze_age,differentiable_argmax,differentiable_argmax,32,0.1,10.0,0.0,True,16,3,1,True,10,128,mps,False,100,0.01,1500,10,0.2,True,binary_cross_entropy,1,15,False,memory-based-concept-reasoner,,4
"Ablation Study - CMR - Entropy Loss, Bronze Age, Diff Argmax",02_04_25_04_02,Simple_Saturation,3,0.3070000112056732,,,,downloads,1.0,memory-based-concept-reasoner,bronze_age,differentiable_argmax,differentiable_argmax,32,0.1,10.0,0.0,True,16,3,1,True,10,128,mps,False,100,0.01,1500,10,0.2,True,binary_cross_entropy,1,15,False,memory-based-concept-reasoner,,4
"Ablation Study - CMR - Entropy Loss, Bronze Age, Diff Argmax",02_04_25_04_02,Simple_Saturation,4,0.3019999861717224,,,,downloads,1.0,memory-based-concept-reasoner,bronze_age,differentiable_argmax,differentiable_argmax,32,0.1,10.0,0.0,True,16,3,1,True,10,128,mps,False,100,0.01,1500,10,0.2,True,binary_cross_entropy,1,15,False,memory-based-concept-reasoner,,4
"Ablation Study - CMR - Entropy Loss, Bronze Age, Diff Argmax",02_04_25_04_02,Simple_Saturation,5,0.3019999861717224,,,,downloads,1.0,memory-based-concept-reasoner,bronze_age,differentiable_argmax,differentiable_argmax,32,0.1,10.0,0.0,True,16,3,1,True,10,128,mps,False,100,0.01,1500,10,0.2,True,binary_cross_entropy,1,15,False,memory-based-concept-reasoner,,4
"Ablation Study - CMR - Entropy Loss, Bronze Age, Diff Argmax",02_04_25_04_02,Simple_Saturation,6,0.6980000138282776,,,,downloads,1.0,memory-based-concept-reasoner,bronze_age,differentiable_argmax,differentiable_argmax,32,0.1,10.0,0.0,True,16,3,1,True,10,128,mps,False,100,0.01,1500,10,0.2,True,binary_cross_entropy,1,15,False,memory-based-concept-reasoner,,4
"Ablation Study - CMR - Entropy Loss, Bronze Age, Diff Argmax",02_04_25_04_02,Simple_Saturation,7,0.6980000138282776,,,,downloads,1.0,memory-based-concept-reasoner,bronze_age,differentiable_argmax,differentiable_argmax,32,0.1,10.0,0.0,True,16,3,1,True,10,128,mps,False,100,0.01,1500,10,0.2,True,binary_cross_entropy,1,15,False,memory-based-concept-reasoner,,4
"Ablation Study - CMR - Entropy Loss, Bronze Age, Diff Argmax",02_04_25_04_02,Simple_Saturation,8,0.3019999861717224,,,,downloads,1.0,memory-based-concept-reasoner,bronze_age,differentiable_argmax,differentiable_argmax,32,0.1,10.0,0.0,True,16,3,1,True,10,128,mps,False,100,0.01,1500,10,0.2,True,binary_cross_entropy,1,15,False,memory-based-concept-reasoner,,4
"Ablation Study - CMR - Entropy Loss, Bronze Age, Diff Argmax",02_04_25_04_02,Simple_Saturation,9,0.3019999861717224,,,,downloads,1.0,memory-based-concept-reasoner,bronze_age,differentiable_argmax,differentiable_argmax,32,0.1,10.0,0.0,True,16,3,1,True,10,128,mps,False,100,0.01,1500,10,0.2,True,binary_cross_entropy,1,15,False,memory-based-concept-reasoner,,4
"Ablation Study - CMR - Entropy Loss, Bronze Age, Diff Argmax",02_04_25_04_02,Saturation,0,0.5,,,,downloads,1.0,memory-based-concept-reasoner,bronze_age,differentiable_argmax,differentiable_argmax,32,0.1,10.0,0.0,True,16,3,1,True,10,1,mps,False,100,0.01,1500,10,0.2,True,binary_cross_entropy,1,15,False,memory-based-concept-reasoner,,4
"Ablation Study - CMR - Entropy Loss, Bronze Age, Diff Argmax",02_04_25_04_02,Saturation,1,0.5,,,,downloads,1.0,memory-based-concept-reasoner,bronze_age,differentiable_argmax,differentiable_argmax,32,0.1,10.0,0.0,True,16,3,1,True,10,1,mps,False,100,0.01,1500,10,0.2,True,binary_cross_entropy,1,15,False,memory-based-concept-reasoner,,4
"Ablation Study - CMR - Entropy Loss, Bronze Age, Diff Argmax",02_04_25_04_02,Saturation,2,0.5,,,,downloads,1.0,memory-based-concept-reasoner,bronze_age,differentiable_argmax,differentiable_argmax,32,0.1,10.0,0.0,True,16,3,1,True,10,1,mps,False,100,0.01,1500,10,0.2,True,binary_cross_entropy,1,15,False,memory-based-concept-reasoner,,4
"Ablation Study - CMR - Entropy Loss, Bronze Age, Diff Argmax",02_04_25_04_02,Saturation,3,0.5,,,,downloads,1.0,memory-based-concept-reasoner,bronze_age,differentiable_argmax,differentiable_argmax,32,0.1,10.0,0.0,True,16,3,1,True,10,1,mps,False,100,0.01,1500,10,0.2,True,binary_cross_entropy,1,15,False,memory-based-concept-reasoner,,4
"Ablation Study - CMR - Entropy Loss, Bronze Age, Diff Argmax",02_04_25_04_02,Saturation,4,0.5,,,,downloads,1.0,memory-based-concept-reasoner,bronze_age,differentiable_argmax,differentiable_argmax,32,0.1,10.0,0.0,True,16,3,1,True,10,1,mps,False,100,0.01,1500,10,0.2,True,binary_cross_entropy,1,15,False,memory-based-concept-reasoner,,4
"Ablation Study - CMR - Entropy Loss, Bronze Age, Diff Argmax",02_04_25_04_02,Saturation,5,0.5,,,,downloads,1.0,memory-based-concept-reasoner,bronze_age,differentiable_argmax,differentiable_argmax,32,0.1,10.0,0.0,True,16,3,1,True,10,1,mps,False,100,0.01,1500,10,0.2,True,binary_cross_entropy,1,15,False,memory-based-concept-reasoner,,4
"Ablation Study - CMR - Entropy Loss, Bronze Age, Diff Argmax",02_04_25_04_02,Saturation,6,0.5,,,,downloads,1.0,memory-based-concept-reasoner,bronze_age,differentiable_argmax,differentiable_argmax,32,0.1,10.0,0.0,True,16,3,1,True,10,1,mps,False,100,0.01,1500,10,0.2,True,binary_cross_entropy,1,15,False,memory-based-concept-reasoner,,4
"Ablation Study - CMR - Entropy Loss, Bronze Age, Diff Argmax",02_04_25_04_02,Saturation,7,0.5,,,,downloads,1.0,memory-based-concept-reasoner,bronze_age,differentiable_argmax,differentiable_argmax,32,0.1,10.0,0.0,True,16,3,1,True,10,1,mps,False,100,0.01,1500,10,0.2,True,binary_cross_entropy,1,15,False,memory-based-concept-reasoner,,4
"Ablation Study - CMR - Entropy Loss, Bronze Age, Diff Argmax",02_04_25_04_02,Saturation,8,0.5,,,,downloads,1.0,memory-based-concept-reasoner,bronze_age,differentiable_argmax,differentiable_argmax,32,0.1,10.0,0.0,True,16,3,1,True,10,1,mps,False,100,0.01,1500,10,0.2,True,binary_cross_entropy,1,15,False,memory-based-concept-reasoner,,4
"Ablation Study - CMR - Entropy Loss, Bronze Age, Diff Argmax",02_04_25_04_02,Saturation,9,0.5,,,,downloads,1.0,memory-based-concept-reasoner,bronze_age,differentiable_argmax,differentiable_argmax,32,0.1,10.0,0.0,True,16,3,1,True,10,1,mps,False,100,0.01,1500,10,0.2,True,binary_cross_entropy,1,15,False,memory-based-concept-reasoner,,4
"Ablation Study - CMR - Entropy Loss, Bronze Age, Diff Argmax",02_04_25_04_02,Infection,0,0.05000000074505806,,,,downloads,1.0,memory-based-concept-reasoner,bronze_age,differentiable_argmax,differentiable_argmax,32,0.1,10.0,0.0,True,16,6,5,True,10,128,mps,False,100,0.01,1500,10,0.2,True,binary_cross_entropy,1,15,False,memory-based-concept-reasoner,,4
"Ablation Study - CMR - Entropy Loss, Bronze Age, Diff Argmax",02_04_25_04_02,Infection,1,0.05000000074505806,,,,downloads,1.0,memory-based-concept-reasoner,bronze_age,differentiable_argmax,differentiable_argmax,32,0.1,10.0,0.0,True,16,6,5,True,10,128,mps,False,100,0.01,1500,10,0.2,True,binary_cross_entropy,1,15,False,memory-based-concept-reasoner,,4
"Ablation Study - CMR - Entropy Loss, Bronze Age, Diff Argmax",02_04_25_04_02,Infection,2,0.05000000074505806,,,,downloads,1.0,memory-based-concept-reasoner,bronze_age,differentiable_argmax,differentiable_argmax,32,0.1,10.0,0.0,True,16,6,5,True,10,128,mps,False,100,0.01,1500,10,0.2,True,binary_cross_entropy,1,15,False,memory-based-concept-reasoner,,4
"Ablation Study - CMR - Entropy Loss, Bronze Age, Diff Argmax",02_04_25_04_02,Infection,3,0.05000000074505806,,,,downloads,1.0,memory-based-concept-reasoner,bronze_age,differentiable_argmax,differentiable_argmax,32,0.1,10.0,0.0,True,16,6,5,True,10,128,mps,False,100,0.01,1500,10,0.2,True,binary_cross_entropy,1,15,False,memory-based-concept-reasoner,,4
"Ablation Study - CMR - Entropy Loss, Bronze Age, Diff Argmax",02_04_25_04_02,Infection,4,0.05000000074505806,,,,downloads,1.0,memory-based-concept-reasoner,bronze_age,differentiable_argmax,differentiable_argmax,32,0.1,10.0,0.0,True,16,6,5,True,10,128,mps,False,100,0.01,1500,10,0.2,True,binary_cross_entropy,1,15,False,memory-based-concept-reasoner,,4
"Ablation Study - CMR - Entropy Loss, Bronze Age, Diff Argmax",02_04_25_04_02,Infection,5,0.05000000074505806,,,,downloads,1.0,memory-based-concept-reasoner,bronze_age,differentiable_argmax,differentiable_argmax,32,0.1,10.0,0.0,True,16,6,5,True,10,128,mps,False,100,0.01,1500,10,0.2,True,binary_cross_entropy,1,15,False,memory-based-concept-reasoner,,4
"Ablation Study - CMR - Entropy Loss, Bronze Age, Diff Argmax",02_04_25_04_02,Infection,6,0.05000000074505806,,,,downloads,1.0,memory-based-concept-reasoner,bronze_age,differentiable_argmax,differentiable_argmax,32,0.1,10.0,0.0,True,16,6,5,True,10,128,mps,False,100,0.01,1500,10,0.2,True,binary_cross_entropy,1,15,False,memory-based-concept-reasoner,,4
"Ablation Study - CMR - Entropy Loss, Bronze Age, Diff Argmax",02_04_25_04_02,Infection,7,0.05000000074505806,,,,downloads,1.0,memory-based-concept-reasoner,bronze_age,differentiable_argmax,differentiable_argmax,32,0.1,10.0,0.0,True,16,6,5,True,10,128,mps,False,100,0.01,1500,10,0.2,True,binary_cross_entropy,1,15,False,memory-based-concept-reasoner,,4
"Ablation Study - CMR - Entropy Loss, Bronze Age, Diff Argmax",02_04_25_04_02,Infection,8,0.05000000074505806,,,,downloads,1.0,memory-based-concept-reasoner,bronze_age,differentiable_argmax,differentiable_argmax,32,0.1,10.0,0.0,True,16,6,5,True,10,128,mps,False,100,0.01,1500,10,0.2,True,binary_cross_entropy,1,15,False,memory-based-concept-reasoner,,4
"Ablation Study - CMR - Entropy Loss, Bronze Age, Diff Argmax",02_04_25_04_02,Infection,9,0.05000000074505806,,,,downloads,1.0,memory-based-concept-reasoner,bronze_age,differentiable_argmax,differentiable_argmax,32,0.1,10.0,0.0,True,16,6,5,True,10,128,mps,False,100,0.01,1500,10,0.2,True,binary_cross_entropy,1,15,False,memory-based-concept-reasoner,,4
"Ablation Study - CMR - Entropy Loss, Comparison",02_04_25_03_05,Simple_Saturation,0,0.3019999861717224,,,,downloads,1.0,memory-based-concept-reasoner,bronze_age_comparison,,differentiable_argmax,32,0.1,10.0,0.0,True,16,3,1,True,10,128,mps,False,100,0.01,1500,10,0.2,True,binary_cross_entropy,1,15,False,memory-based-concept-reasoner,,4
"Ablation Study - CMR - Entropy Loss, Comparison",02_04_25_03_05,Simple_Saturation,1,0.6980000138282776,,,,downloads,1.0,memory-based-concept-reasoner,bronze_age_comparison,,differentiable_argmax,32,0.1,10.0,0.0,True,16,3,1,True,10,128,mps,False,100,0.01,1500,10,0.2,True,binary_cross_entropy,1,15,False,memory-based-concept-reasoner,,4
"Ablation Study - CMR - Entropy Loss, Comparison",02_04_25_03_05,Simple_Saturation,2,0.6980000138282776,,,,downloads,1.0,memory-based-concept-reasoner,bronze_age_comparison,,differentiable_argmax,32,0.1,10.0,0.0,True,16,3,1,True,10,128,mps,False,100,0.01,1500,10,0.2,True,binary_cross_entropy,1,15,False,memory-based-concept-reasoner,,4
"Ablation Study - CMR - Entropy Loss, Comparison",02_04_25_03_05,Simple_Saturation,3,0.796999990940094,,,,downloads,1.0,memory-based-concept-reasoner,bronze_age_comparison,,differentiable_argmax,32,0.1,10.0,0.0,True,16,3,1,True,10,128,mps,False,100,0.01,1500,10,0.2,True,binary_cross_entropy,1,15,False,memory-based-concept-reasoner,,4
"Ablation Study - CMR - Entropy Loss, Comparison",02_04_25_03_05,Simple_Saturation,4,0.6980000138282776,,,,downloads,1.0,memory-based-concept-reasoner,bronze_age_comparison,,differentiable_argmax,32,0.1,10.0,0.0,True,16,3,1,True,10,128,mps,False,100,0.01,1500,10,0.2,True,binary_cross_entropy,1,15,False,memory-based-concept-reasoner,,4
"Ablation Study - CMR - Entropy Loss, Comparison",02_04_25_03_05,Simple_Saturation,5,0.3240000009536743,,,,downloads,1.0,memory-based-concept-reasoner,bronze_age_comparison,,differentiable_argmax,32,0.1,10.0,0.0,True,16,3,1,True,10,128,mps,False,100,0.01,1500,10,0.2,True,binary_cross_entropy,1,15,False,memory-based-concept-reasoner,,4
"Ablation Study - CMR - Entropy Loss, Comparison",02_04_25_03_05,Simple_Saturation,6,0.3019999861717224,,,,downloads,1.0,memory-based-concept-reasoner,bronze_age_comparison,,differentiable_argmax,32,0.1,10.0,0.0,True,16,3,1,True,10,128,mps,False,100,0.01,1500,10,0.2,True,binary_cross_entropy,1,15,False,memory-based-concept-reasoner,,4
"Ablation Study - CMR - Entropy Loss, Comparison",02_04_25_03_05,Simple_Saturation,7,0.6980000138282776,,,,downloads,1.0,memory-based-concept-reasoner,bronze_age_comparison,,differentiable_argmax,32,0.1,10.0,0.0,True,16,3,1,True,10,128,mps,False,100,0.01,1500,10,0.2,True,binary_cross_entropy,1,15,False,memory-based-concept-reasoner,,4
"Ablation Study - CMR - Entropy Loss, Comparison",02_04_25_03_05,Simple_Saturation,8,0.34599998593330383,,,,downloads,1.0,memory-based-concept-reasoner,bronze_age_comparison,,differentiable_argmax,32,0.1,10.0,0.0,True,16,3,1,True,10,128,mps,False,100,0.01,1500,10,0.2,True,binary_cross_entropy,1,15,False,memory-based-concept-reasoner,,4
"Ablation Study - CMR - Entropy Loss, Comparison",02_04_25_03_05,Simple_Saturation,9,0.703000009059906,,,,downloads,1.0,memory-based-concept-reasoner,bronze_age_comparison,,differentiable_argmax,32,0.1,10.0,0.0,True,16,3,1,True,10,128,mps,False,100,0.01,1500,10,0.2,True,binary_cross_entropy,1,15,False,memory-based-concept-reasoner,,4
"Ablation Study - CMR - Entropy Loss, Comparison",02_04_25_03_05,Saturation,0,0.5,,,,downloads,1.0,memory-based-concept-reasoner,bronze_age_comparison,,differentiable_argmax,32,0.1,10.0,0.0,True,16,3,1,True,10,1,mps,False,100,0.01,1500,10,0.2,True,binary_cross_entropy,1,15,False,memory-based-concept-reasoner,,4
"Ablation Study - CMR - Entropy Loss, Comparison",02_04_25_03_05,Saturation,1,0.6100000143051147,,,,downloads,1.0,memory-based-concept-reasoner,bronze_age_comparison,,differentiable_argmax,32,0.1,10.0,0.0,True,16,3,1,True,10,1,mps,False,100,0.01,1500,10,0.2,True,binary_cross_entropy,1,15,False,memory-based-concept-reasoner,,4
"Ablation Study - CMR - Entropy Loss, Comparison",02_04_25_03_05,Saturation,2,0.5,,,,downloads,1.0,memory-based-concept-reasoner,bronze_age_comparison,,differentiable_argmax,32,0.1,10.0,0.0,True,16,3,1,True,10,1,mps,False,100,0.01,1500,10,0.2,True,binary_cross_entropy,1,15,False,memory-based-concept-reasoner,,4
"Ablation Study - CMR - Entropy Loss, Comparison",02_04_25_03_05,Saturation,3,0.5,,,,downloads,1.0,memory-based-concept-reasoner,bronze_age_comparison,,differentiable_argmax,32,0.1,10.0,0.0,True,16,3,1,True,10,1,mps,False,100,0.01,1500,10,0.2,True,binary_cross_entropy,1,15,False,memory-based-concept-reasoner,,4
"Ablation Study - CMR - Entropy Loss, Comparison",02_04_25_03_05,Saturation,4,0.7250000238418579,,,,downloads,1.0,memory-based-concept-reasoner,bronze_age_comparison,,differentiable_argmax,32,0.1,10.0,0.0,True,16,3,1,True,10,1,mps,False,100,0.01,1500,10,0.2,True,binary_cross_entropy,1,15,False,memory-based-concept-reasoner,,4
"Ablation Study - CMR - Entropy Loss, Comparison",02_04_25_03_05,Saturation,5,0.5,,,,downloads,1.0,memory-based-concept-reasoner,bronze_age_comparison,,differentiable_argmax,32,0.1,10.0,0.0,True,16,3,1,True,10,1,mps,False,100,0.01,1500,10,0.2,True,binary_cross_entropy,1,15,False,memory-based-concept-reasoner,,4
"Ablation Study - CMR - Entropy Loss, Comparison",02_04_25_03_05,Saturation,6,0.6539999842643738,,,,downloads,1.0,memory-based-concept-reasoner,bronze_age_comparison,,differentiable_argmax,32,0.1,10.0,0.0,True,16,3,1,True,10,1,mps,False,100,0.01,1500,10,0.2,True,binary_cross_entropy,1,15,False,memory-based-concept-reasoner,,4
"Ablation Study - CMR - Entropy Loss, Comparison",02_04_25_03_05,Saturation,7,0.5989999771118164,,,,downloads,1.0,memory-based-concept-reasoner,bronze_age_comparison,,differentiable_argmax,32,0.1,10.0,0.0,True,16,3,1,True,10,1,mps,False,100,0.01,1500,10,0.2,True,binary_cross_entropy,1,15,False,memory-based-concept-reasoner,,4
"Ablation Study - CMR - Entropy Loss, Comparison",02_04_25_03_05,Saturation,8,0.5049999952316284,,,,downloads,1.0,memory-based-concept-reasoner,bronze_age_comparison,,differentiable_argmax,32,0.1,10.0,0.0,True,16,3,1,True,10,1,mps,False,100,0.01,1500,10,0.2,True,binary_cross_entropy,1,15,False,memory-based-concept-reasoner,,4
"Ablation Study - CMR - Entropy Loss, Comparison",02_04_25_03_05,Saturation,9,0.5,,,,downloads,1.0,memory-based-concept-reasoner,bronze_age_comparison,,differentiable_argmax,32,0.1,10.0,0.0,True,16,3,1,True,10,1,mps,False,100,0.01,1500,10,0.2,True,binary_cross_entropy,1,15,False,memory-based-concept-reasoner,,4
"Ablation Study - CMR - Entropy Loss, Comparison",02_04_25_03_05,Infection,0,0.05000000074505806,,,,downloads,1.0,memory-based-concept-reasoner,bronze_age_comparison,,differentiable_argmax,32,0.1,10.0,0.0,True,16,6,5,True,10,128,mps,False,100,0.01,1500,10,0.2,True,binary_cross_entropy,1,15,False,memory-based-concept-reasoner,,4
"Ablation Study - CMR - Entropy Loss, Comparison",02_04_25_03_05,Infection,1,0.05000000074505806,,,,downloads,1.0,memory-based-concept-reasoner,bronze_age_comparison,,differentiable_argmax,32,0.1,10.0,0.0,True,16,6,5,True,10,128,mps,False,100,0.01,1500,10,0.2,True,binary_cross_entropy,1,15,False,memory-based-concept-reasoner,,4
"Ablation Study - CMR - Entropy Loss, Comparison",02_04_25_03_05,Infection,2,0.05000000074505806,,,,downloads,1.0,memory-based-concept-reasoner,bronze_age_comparison,,differentiable_argmax,32,0.1,10.0,0.0,True,16,6,5,True,10,128,mps,False,100,0.01,1500,10,0.2,True,binary_cross_entropy,1,15,False,memory-based-concept-reasoner,,4
"Ablation Study - CMR - Entropy Loss, Comparison",02_04_25_03_05,Infection,3,0.05000000074505806,,,,downloads,1.0,memory-based-concept-reasoner,bronze_age_comparison,,differentiable_argmax,32,0.1,10.0,0.0,True,16,6,5,True,10,128,mps,False,100,0.01,1500,10,0.2,True,binary_cross_entropy,1,15,False,memory-based-concept-reasoner,,4
"Ablation Study - CMR - Entropy Loss, Comparison",02_04_25_03_05,Infection,4,0.05000000074505806,,,,downloads,1.0,memory-based-concept-reasoner,bronze_age_comparison,,differentiable_argmax,32,0.1,10.0,0.0,True,16,6,5,True,10,128,mps,False,100,0.01,1500,10,0.2,True,binary_cross_entropy,1,15,False,memory-based-concept-reasoner,,4
"Ablation Study - CMR - Entropy Loss, Comparison",02_04_25_03_05,Infection,5,0.05000000074505806,,,,downloads,1.0,memory-based-concept-reasoner,bronze_age_comparison,,differentiable_argmax,32,0.1,10.0,0.0,True,16,6,5,True,10,128,mps,False,100,0.01,1500,10,0.2,True,binary_cross_entropy,1,15,False,memory-based-concept-reasoner,,4
"Ablation Study - CMR - Entropy Loss, Comparison",02_04_25_03_05,Infection,6,0.05000000074505806,,,,downloads,1.0,memory-based-concept-reasoner,bronze_age_comparison,,differentiable_argmax,32,0.1,10.0,0.0,True,16,6,5,True,10,128,mps,False,100,0.01,1500,10,0.2,True,binary_cross_entropy,1,15,False,memory-based-concept-reasoner,,4
"Ablation Study - CMR - Entropy Loss, Comparison",02_04_25_03_05,Infection,7,0.05000000074505806,,,,downloads,1.0,memory-based-concept-reasoner,bronze_age_comparison,,differentiable_argmax,32,0.1,10.0,0.0,True,16,6,5,True,10,128,mps,False,100,0.01,1500,10,0.2,True,binary_cross_entropy,1,15,False,memory-based-concept-reasoner,,4
"Ablation Study - CMR - Entropy Loss, Comparison",02_04_25_03_05,Infection,8,0.05000000074505806,,,,downloads,1.0,memory-based-concept-reasoner,bronze_age_comparison,,differentiable_argmax,32,0.1,10.0,0.0,True,16,6,5,True,10,128,mps,False,100,0.01,1500,10,0.2,True,binary_cross_entropy,1,15,False,memory-based-concept-reasoner,,4
"Ablation Study - CMR - Entropy Loss, Comparison",02_04_25_03_05,Infection,9,0.05000000074505806,,,,downloads,1.0,memory-based-concept-reasoner,bronze_age_comparison,,differentiable_argmax,32,0.1,10.0,0.0,True,16,6,5,True,10,128,mps,False,100,0.01,1500,10,0.2,True,binary_cross_entropy,1,15,False,memory-based-concept-reasoner,,4
"Ablation Study - CMR - Entropy Loss, Rounded",02_04_25_02_09,Simple_Saturation,0,0.3019999861717224,,,,downloads,1.0,memory-based-concept-reasoner,bronze_age_rounded,,differentiable_argmax,32,0.1,10.0,0.0,True,16,3,1,True,10,128,mps,False,100,0.01,1500,10,0.2,True,binary_cross_entropy,1,15,False,memory-based-concept-reasoner,,4
"Ablation Study - CMR - Entropy Loss, Rounded",02_04_25_02_09,Simple_Saturation,1,0.6980000138282776,,,,downloads,1.0,memory-based-concept-reasoner,bronze_age_rounded,,differentiable_argmax,32,0.1,10.0,0.0,True,16,3,1,True,10,128,mps,False,100,0.01,1500,10,0.2,True,binary_cross_entropy,1,15,False,memory-based-concept-reasoner,,4
"Ablation Study - CMR - Entropy Loss, Rounded",02_04_25_02_09,Simple_Saturation,2,0.6980000138282776,,,,downloads,1.0,memory-based-concept-reasoner,bronze_age_rounded,,differentiable_argmax,32,0.1,10.0,0.0,True,16,3,1,True,10,128,mps,False,100,0.01,1500,10,0.2,True,binary_cross_entropy,1,15,False,memory-based-concept-reasoner,,4
"Ablation Study - CMR - Entropy Loss, Rounded",02_04_25_02_09,Simple_Saturation,3,0.6980000138282776,,,,downloads,1.0,memory-based-concept-reasoner,bronze_age_rounded,,differentiable_argmax,32,0.1,10.0,0.0,True,16,3,1,True,10,128,mps,False,100,0.01,1500,10,0.2,True,binary_cross_entropy,1,15,False,memory-based-concept-reasoner,,4
"Ablation Study - CMR - Entropy Loss, Rounded",02_04_25_02_09,Simple_Saturation,4,0.3019999861717224,,,,downloads,1.0,memory-based-concept-reasoner,bronze_age_rounded,,differentiable_argmax,32,0.1,10.0,0.0,True,16,3,1,True,10,128,mps,False,100,0.01,1500,10,0.2,True,binary_cross_entropy,1,15,False,memory-based-concept-reasoner,,4
"Ablation Study - CMR - Entropy Loss, Rounded",02_04_25_02_09,Simple_Saturation,5,0.6980000138282776,,,,downloads,1.0,memory-based-concept-reasoner,bronze_age_rounded,,differentiable_argmax,32,0.1,10.0,0.0,True,16,3,1,True,10,128,mps,False,100,0.01,1500,10,0.2,True,binary_cross_entropy,1,15,False,memory-based-concept-reasoner,,4
"Ablation Study - CMR - Entropy Loss, Rounded",02_04_25_02_09,Simple_Saturation,6,0.3019999861717224,,,,downloads,1.0,memory-based-concept-reasoner,bronze_age_rounded,,differentiable_argmax,32,0.1,10.0,0.0,True,16,3,1,True,10,128,mps,False,100,0.01,1500,10,0.2,True,binary_cross_entropy,1,15,False,memory-based-concept-reasoner,,4
"Ablation Study - CMR - Entropy Loss, Rounded",02_04_25_02_09,Simple_Saturation,7,0.6980000138282776,,,,downloads,1.0,memory-based-concept-reasoner,bronze_age_rounded,,differentiable_argmax,32,0.1,10.0,0.0,True,16,3,1,True,10,128,mps,False,100,0.01,1500,10,0.2,True,binary_cross_entropy,1,15,False,memory-based-concept-reasoner,,4
"Ablation Study - CMR - Entropy Loss, Rounded",02_04_25_02_09,Simple_Saturation,8,0.703000009059906,,,,downloads,1.0,memory-based-concept-reasoner,bronze_age_rounded,,differentiable_argmax,32,0.1,10.0,0.0,True,16,3,1,True,10,128,mps,False,100,0.01,1500,10,0.2,True,binary_cross_entropy,1,15,False,memory-based-concept-reasoner,,4
"Ablation Study - CMR - Entropy Loss, Rounded",02_04_25_02_09,Simple_Saturation,9,0.6980000138282776,,,,downloads,1.0,memory-based-concept-reasoner,bronze_age_rounded,,differentiable_argmax,32,0.1,10.0,0.0,True,16,3,1,True,10,128,mps,False,100,0.01,1500,10,0.2,True,binary_cross_entropy,1,15,False,memory-based-concept-reasoner,,4
"Ablation Study - CMR - Entropy Loss, Rounded",02_04_25_02_09,Saturation,0,0.5,,,,downloads,1.0,memory-based-concept-reasoner,bronze_age_rounded,,differentiable_argmax,32,0.1,10.0,0.0,True,16,3,1,True,10,1,mps,False,100,0.01,1500,10,0.2,True,binary_cross_entropy,1,15,False,memory-based-concept-reasoner,,4
"Ablation Study - CMR - Entropy Loss, Rounded",02_04_25_02_09,Saturation,1,0.5,,,,downloads,1.0,memory-based-concept-reasoner,bronze_age_rounded,,differentiable_argmax,32,0.1,10.0,0.0,True,16,3,1,True,10,1,mps,False,100,0.01,1500,10,0.2,True,binary_cross_entropy,1,15,False,memory-based-concept-reasoner,,4
"Ablation Study - CMR - Entropy Loss, Rounded",02_04_25_02_09,Saturation,2,0.5,,,,downloads,1.0,memory-based-concept-reasoner,bronze_age_rounded,,differentiable_argmax,32,0.1,10.0,0.0,True,16,3,1,True,10,1,mps,False,100,0.01,1500,10,0.2,True,binary_cross_entropy,1,15,False,memory-based-concept-reasoner,,4
"Ablation Study - CMR - Entropy Loss, Rounded",02_04_25_02_09,Saturation,3,0.5220000147819519,,,,downloads,1.0,memory-based-concept-reasoner,bronze_age_rounded,,differentiable_argmax,32,0.1,10.0,0.0,True,16,3,1,True,10,1,mps,False,100,0.01,1500,10,0.2,True,binary_cross_entropy,1,15,False,memory-based-concept-reasoner,,4
"Ablation Study - CMR - Entropy Loss, Rounded",02_04_25_02_09,Saturation,4,0.5,,,,downloads,1.0,memory-based-concept-reasoner,bronze_age_rounded,,differentiable_argmax,32,0.1,10.0,0.0,True,16,3,1,True,10,1,mps,False,100,0.01,1500,10,0.2,True,binary_cross_entropy,1,15,False,memory-based-concept-reasoner,,4
"Ablation Study - CMR - Entropy Loss, Rounded",02_04_25_02_09,Saturation,5,0.5,,,,downloads,1.0,memory-based-concept-reasoner,bronze_age_rounded,,differentiable_argmax,32,0.1,10.0,0.0,True,16,3,1,True,10,1,mps,False,100,0.01,1500,10,0.2,True,binary_cross_entropy,1,15,False,memory-based-concept-reasoner,,4
"Ablation Study - CMR - Entropy Loss, Rounded",02_04_25_02_09,Saturation,6,0.5,,,,downloads,1.0,memory-based-concept-reasoner,bronze_age_rounded,,differentiable_argmax,32,0.1,10.0,0.0,True,16,3,1,True,10,1,mps,False,100,0.01,1500,10,0.2,True,binary_cross_entropy,1,15,False,memory-based-concept-reasoner,,4
"Ablation Study - CMR - Entropy Loss, Rounded",02_04_25_02_09,Saturation,7,0.5109999775886536,,,,downloads,1.0,memory-based-concept-reasoner,bronze_age_rounded,,differentiable_argmax,32,0.1,10.0,0.0,True,16,3,1,True,10,1,mps,False,100,0.01,1500,10,0.2,True,binary_cross_entropy,1,15,False,memory-based-concept-reasoner,,4
"Ablation Study - CMR - Entropy Loss, Rounded",02_04_25_02_09,Saturation,8,0.5049999952316284,,,,downloads,1.0,memory-based-concept-reasoner,bronze_age_rounded,,differentiable_argmax,32,0.1,10.0,0.0,True,16,3,1,True,10,1,mps,False,100,0.01,1500,10,0.2,True,binary_cross_entropy,1,15,False,memory-based-concept-reasoner,,4
"Ablation Study - CMR - Entropy Loss, Rounded",02_04_25_02_09,Saturation,9,0.5049999952316284,,,,downloads,1.0,memory-based-concept-reasoner,bronze_age_rounded,,differentiable_argmax,32,0.1,10.0,0.0,True,16,3,1,True,10,1,mps,False,100,0.01,1500,10,0.2,True,binary_cross_entropy,1,15,False,memory-based-concept-reasoner,,4
"Ablation Study - CMR - Entropy Loss, Rounded",02_04_25_02_09,Infection,0,0.05000000074505806,,,,downloads,1.0,memory-based-concept-reasoner,bronze_age_rounded,,differentiable_argmax,32,0.1,10.0,0.0,True,16,6,5,True,10,128,mps,False,100,0.01,1500,10,0.2,True,binary_cross_entropy,1,15,False,memory-based-concept-reasoner,,4
"Ablation Study - CMR - Entropy Loss, Rounded",02_04_25_02_09,Infection,1,0.05000000074505806,,,,downloads,1.0,memory-based-concept-reasoner,bronze_age_rounded,,differentiable_argmax,32,0.1,10.0,0.0,True,16,6,5,True,10,128,mps,False,100,0.01,1500,10,0.2,True,binary_cross_entropy,1,15,False,memory-based-concept-reasoner,,4
"Ablation Study - CMR - Entropy Loss, Rounded",02_04_25_02_09,Infection,2,0.05000000074505806,,,,downloads,1.0,memory-based-concept-reasoner,bronze_age_rounded,,differentiable_argmax,32,0.1,10.0,0.0,True,16,6,5,True,10,128,mps,False,100,0.01,1500,10,0.2,True,binary_cross_entropy,1,15,False,memory-based-concept-reasoner,,4
"Ablation Study - CMR - Entropy Loss, Rounded",02_04_25_02_09,Infection,3,0.05000000074505806,,,,downloads,1.0,memory-based-concept-reasoner,bronze_age_rounded,,differentiable_argmax,32,0.1,10.0,0.0,True,16,6,5,True,10,128,mps,False,100,0.01,1500,10,0.2,True,binary_cross_entropy,1,15,False,memory-based-concept-reasoner,,4
"Ablation Study - CMR - Entropy Loss, Rounded",02_04_25_02_09,Infection,4,0.05000000074505806,,,,downloads,1.0,memory-based-concept-reasoner,bronze_age_rounded,,differentiable_argmax,32,0.1,10.0,0.0,True,16,6,5,True,10,128,mps,False,100,0.01,1500,10,0.2,True,binary_cross_entropy,1,15,False,memory-based-concept-reasoner,,4
"Ablation Study - CMR - Entropy Loss, Rounded",02_04_25_02_09,Infection,5,0.05000000074505806,,,,downloads,1.0,memory-based-concept-reasoner,bronze_age_rounded,,differentiable_argmax,32,0.1,10.0,0.0,True,16,6,5,True,10,128,mps,False,100,0.01,1500,10,0.2,True,binary_cross_entropy,1,15,False,memory-based-concept-reasoner,,4
"Ablation Study - CMR - Entropy Loss, Rounded",02_04_25_02_09,Infection,6,0.05000000074505806,,,,downloads,1.0,memory-based-concept-reasoner,bronze_age_rounded,,differentiable_argmax,32,0.1,10.0,0.0,True,16,6,5,True,10,128,mps,False,100,0.01,1500,10,0.2,True,binary_cross_entropy,1,15,False,memory-based-concept-reasoner,,4
"Ablation Study - CMR - Entropy Loss, Rounded",02_04_25_02_09,Infection,7,0.05000000074505806,,,,downloads,1.0,memory-based-concept-reasoner,bronze_age_rounded,,differentiable_argmax,32,0.1,10.0,0.0,True,16,6,5,True,10,128,mps,False,100,0.01,1500,10,0.2,True,binary_cross_entropy,1,15,False,memory-based-concept-reasoner,,4
"Ablation Study - CMR - Entropy Loss, Rounded",02_04_25_02_09,Infection,8,0.05000000074505806,,,,downloads,1.0,memory-based-concept-reasoner,bronze_age_rounded,,differentiable_argmax,32,0.1,10.0,0.0,True,16,6,5,True,10,128,mps,False,100,0.01,1500,10,0.2,True,binary_cross_entropy,1,15,False,memory-based-concept-reasoner,,4
"Ablation Study - CMR - Entropy Loss, Rounded",02_04_25_02_09,Infection,9,0.05000000074505806,,,,downloads,1.0,memory-based-concept-reasoner,bronze_age_rounded,,differentiable_argmax,32,0.1,10.0,0.0,True,16,6,5,True,10,128,mps,False,100,0.01,1500,10,0.2,True,binary_cross_entropy,1,15,False,memory-based-concept-reasoner,,4
"Ablation Study - CMR - No Entropy Loss, Bronze Age",02_04_25_01_52,Simple_Saturation,0,0.3019999861717224,,,,downloads,1.0,memory-based-concept-reasoner,bronze_age,,differentiable_argmax,32,0.1,10.0,0.0,True,16,3,1,True,10,128,mps,False,100,0.01,1500,10,0.0,True,binary_cross_entropy,1,15,False,memory-based-concept-reasoner,,4
"Ablation Study - CMR - No Entropy Loss, Bronze Age",02_04_25_01_52,Simple_Saturation,1,0.3019999861717224,,,,downloads,1.0,memory-based-concept-reasoner,bronze_age,,differentiable_argmax,32,0.1,10.0,0.0,True,16,3,1,True,10,128,mps,False,100,0.01,1500,10,0.0,True,binary_cross_entropy,1,15,False,memory-based-concept-reasoner,,4
"Ablation Study - CMR - No Entropy Loss, Bronze Age",02_04_25_01_52,Simple_Saturation,2,0.703000009059906,,,,downloads,1.0,memory-based-concept-reasoner,bronze_age,,differentiable_argmax,32,0.1,10.0,0.0,True,16,3,1,True,10,128,mps,False,100,0.01,1500,10,0.0,True,binary_cross_entropy,1,15,False,memory-based-concept-reasoner,,4
"Ablation Study - CMR - No Entropy Loss, Bronze Age",02_04_25_01_52,Simple_Saturation,3,0.3019999861717224,,,,downloads,1.0,memory-based-concept-reasoner,bronze_age,,differentiable_argmax,32,0.1,10.0,0.0,True,16,3,1,True,10,128,mps,False,100,0.01,1500,10,0.0,True,binary_cross_entropy,1,15,False,memory-based-concept-reasoner,,4
"Ablation Study - CMR - No Entropy Loss, Bronze Age",02_04_25_01_52,Simple_Saturation,4,0.703000009059906,,,,downloads,1.0,memory-based-concept-reasoner,bronze_age,,differentiable_argmax,32,0.1,10.0,0.0,True,16,3,1,True,10,128,mps,False,100,0.01,1500,10,0.0,True,binary_cross_entropy,1,15,False,memory-based-concept-reasoner,,4
"Ablation Study - CMR - No Entropy Loss, Bronze Age",02_04_25_01_52,Simple_Saturation,5,0.6980000138282776,,,,downloads,1.0,memory-based-concept-reasoner,bronze_age,,differentiable_argmax,32,0.1,10.0,0.0,True,16,3,1,True,10,128,mps,False,100,0.01,1500,10,0.0,True,binary_cross_entropy,1,15,False,memory-based-concept-reasoner,,4
"Ablation Study - CMR - No Entropy Loss, Bronze Age",02_04_25_01_52,Simple_Saturation,6,0.703000009059906,,,,downloads,1.0,memory-based-concept-reasoner,bronze_age,,differentiable_argmax,32,0.1,10.0,0.0,True,16,3,1,True,10,128,mps,False,100,0.01,1500,10,0.0,True,binary_cross_entropy,1,15,False,memory-based-concept-reasoner,,4
"Ablation Study - CMR - No Entropy Loss, Bronze Age",02_04_25_01_52,Simple_Saturation,7,0.3019999861717224,,,,downloads,1.0,memory-based-concept-reasoner,bronze_age,,differentiable_argmax,32,0.1,10.0,0.0,True,16,3,1,True,10,128,mps,False,100,0.01,1500,10,0.0,True,binary_cross_entropy,1,15,False,memory-based-concept-reasoner,,4
"Ablation Study - CMR - No Entropy Loss, Bronze Age",02_04_25_01_52,Simple_Saturation,8,0.6980000138282776,,,,downloads,1.0,memory-based-concept-reasoner,bronze_age,,differentiable_argmax,32,0.1,10.0,0.0,True,16,3,1,True,10,128,mps,False,100,0.01,1500,10,0.0,True,binary_cross_entropy,1,15,False,memory-based-concept-reasoner,,4
"Ablation Study - CMR - No Entropy Loss, Bronze Age",02_04_25_01_52,Simple_Saturation,9,0.703000009059906,,,,downloads,1.0,memory-based-concept-reasoner,bronze_age,,differentiable_argmax,32,0.1,10.0,0.0,True,16,3,1,True,10,128,mps,False,100,0.01,1500,10,0.0,True,binary_cross_entropy,1,15,False,memory-based-concept-reasoner,,4
"Ablation Study - CMR - No Entropy Loss, Bronze Age",02_04_25_01_52,Saturation,0,0.5049999952316284,,,,downloads,1.0,memory-based-concept-reasoner,bronze_age,,differentiable_argmax,32,0.1,10.0,0.0,True,16,3,1,True,10,1,mps,False,100,0.01,1500,10,0.0,True,binary_cross_entropy,1,15,False,memory-based-concept-reasoner,,4
"Ablation Study - CMR - No Entropy Loss, Bronze Age",02_04_25_01_52,Saturation,1,0.5,,,,downloads,1.0,memory-based-concept-reasoner,bronze_age,,differentiable_argmax,32,0.1,10.0,0.0,True,16,3,1,True,10,1,mps,False,100,0.01,1500,10,0.0,True,binary_cross_entropy,1,15,False,memory-based-concept-reasoner,,4
"Ablation Study - CMR - No Entropy Loss, Bronze Age",02_04_25_01_52,Saturation,2,0.5049999952316284,,,,downloads,1.0,memory-based-concept-reasoner,bronze_age,,differentiable_argmax,32,0.1,10.0,0.0,True,16,3,1,True,10,1,mps,False,100,0.01,1500,10,0.0,True,binary_cross_entropy,1,15,False,memory-based-concept-reasoner,,4
"Ablation Study - CMR - No Entropy Loss, Bronze Age",02_04_25_01_52,Saturation,3,0.5,,,,downloads,1.0,memory-based-concept-reasoner,bronze_age,,differentiable_argmax,32,0.1,10.0,0.0,True,16,3,1,True,10,1,mps,False,100,0.01,1500,10,0.0,True,binary_cross_entropy,1,15,False,memory-based-concept-reasoner,,4
"Ablation Study - CMR - No Entropy Loss, Bronze Age",02_04_25_01_52,Saturation,4,0.5049999952316284,,,,downloads,1.0,memory-based-concept-reasoner,bronze_age,,differentiable_argmax,32,0.1,10.0,0.0,True,16,3,1,True,10,1,mps,False,100,0.01,1500,10,0.0,True,binary_cross_entropy,1,15,False,memory-based-concept-reasoner,,4
"Ablation Study - CMR - No Entropy Loss, Bronze Age",02_04_25_01_52,Saturation,5,0.5049999952316284,,,,downloads,1.0,memory-based-concept-reasoner,bronze_age,,differentiable_argmax,32,0.1,10.0,0.0,True,16,3,1,True,10,1,mps,False,100,0.01,1500,10,0.0,True,binary_cross_entropy,1,15,False,memory-based-concept-reasoner,,4
"Ablation Study - CMR - No Entropy Loss, Bronze Age",02_04_25_01_52,Saturation,6,0.5,,,,downloads,1.0,memory-based-concept-reasoner,bronze_age,,differentiable_argmax,32,0.1,10.0,0.0,True,16,3,1,True,10,1,mps,False,100,0.01,1500,10,0.0,True,binary_cross_entropy,1,15,False,memory-based-concept-reasoner,,4
"Ablation Study - CMR - No Entropy Loss, Bronze Age",02_04_25_01_52,Saturation,7,0.5049999952316284,,,,downloads,1.0,memory-based-concept-reasoner,bronze_age,,differentiable_argmax,32,0.1,10.0,0.0,True,16,3,1,True,10,1,mps,False,100,0.01,1500,10,0.0,True,binary_cross_entropy,1,15,False,memory-based-concept-reasoner,,4
"Ablation Study - CMR - No Entropy Loss, Bronze Age",02_04_25_01_52,Saturation,8,0.5,,,,downloads,1.0,memory-based-concept-reasoner,bronze_age,,differentiable_argmax,32,0.1,10.0,0.0,True,16,3,1,True,10,1,mps,False,100,0.01,1500,10,0.0,True,binary_cross_entropy,1,15,False,memory-based-concept-reasoner,,4
"Ablation Study - CMR - No Entropy Loss, Bronze Age",02_04_25_01_52,Saturation,9,0.5049999952316284,,,,downloads,1.0,memory-based-concept-reasoner,bronze_age,,differentiable_argmax,32,0.1,10.0,0.0,True,16,3,1,True,10,1,mps,False,100,0.01,1500,10,0.0,True,binary_cross_entropy,1,15,False,memory-based-concept-reasoner,,4
"Ablation Study - CMR - No Entropy Loss, Bronze Age",02_04_25_01_52,Infection,0,0.05000000074505806,,,,downloads,1.0,memory-based-concept-reasoner,bronze_age,,differentiable_argmax,32,0.1,10.0,0.0,True,16,6,5,True,10,128,mps,False,100,0.01,1500,10,0.0,True,binary_cross_entropy,1,15,False,memory-based-concept-reasoner,,4
"Ablation Study - CMR - No Entropy Loss, Bronze Age",02_04_25_01_52,Infection,1,0.05000000074505806,,,,downloads,1.0,memory-based-concept-reasoner,bronze_age,,differentiable_argmax,32,0.1,10.0,0.0,True,16,6,5,True,10,128,mps,False,100,0.01,1500,10,0.0,True,binary_cross_entropy,1,15,False,memory-based-concept-reasoner,,4
"Ablation Study - CMR - No Entropy Loss, Bronze Age",02_04_25_01_52,Infection,2,0.05000000074505806,,,,downloads,1.0,memory-based-concept-reasoner,bronze_age,,differentiable_argmax,32,0.1,10.0,0.0,True,16,6,5,True,10,128,mps,False,100,0.01,1500,10,0.0,True,binary_cross_entropy,1,15,False,memory-based-concept-reasoner,,4
"Ablation Study - CMR - No Entropy Loss, Bronze Age",02_04_25_01_52,Infection,3,0.05000000074505806,,,,downloads,1.0,memory-based-concept-reasoner,bronze_age,,differentiable_argmax,32,0.1,10.0,0.0,True,16,6,5,True,10,128,mps,False,100,0.01,1500,10,0.0,True,binary_cross_entropy,1,15,False,memory-based-concept-reasoner,,4
"Ablation Study - CMR - No Entropy Loss, Bronze Age",02_04_25_01_52,Infection,4,0.05000000074505806,,,,downloads,1.0,memory-based-concept-reasoner,bronze_age,,differentiable_argmax,32,0.1,10.0,0.0,True,16,6,5,True,10,128,mps,False,100,0.01,1500,10,0.0,True,binary_cross_entropy,1,15,False,memory-based-concept-reasoner,,4
"Ablation Study - CMR - No Entropy Loss, Bronze Age",02_04_25_01_52,Infection,5,0.05000000074505806,,,,downloads,1.0,memory-based-concept-reasoner,bronze_age,,differentiable_argmax,32,0.1,10.0,0.0,True,16,6,5,True,10,128,mps,False,100,0.01,1500,10,0.0,True,binary_cross_entropy,1,15,False,memory-based-concept-reasoner,,4
"Ablation Study - CMR - No Entropy Loss, Bronze Age",02_04_25_01_52,Infection,6,0.05000000074505806,,,,downloads,1.0,memory-based-concept-reasoner,bronze_age,,differentiable_argmax,32,0.1,10.0,0.0,True,16,6,5,True,10,128,mps,False,100,0.01,1500,10,0.0,True,binary_cross_entropy,1,15,False,memory-based-concept-reasoner,,4
"Ablation Study - CMR - No Entropy Loss, Bronze Age",02_04_25_01_52,Infection,7,0.05000000074505806,,,,downloads,1.0,memory-based-concept-reasoner,bronze_age,,differentiable_argmax,32,0.1,10.0,0.0,True,16,6,5,True,10,128,mps,False,100,0.01,1500,10,0.0,True,binary_cross_entropy,1,15,False,memory-based-concept-reasoner,,4
"Ablation Study - CMR - No Entropy Loss, Bronze Age",02_04_25_01_52,Infection,8,0.05000000074505806,,,,downloads,1.0,memory-based-concept-reasoner,bronze_age,,differentiable_argmax,32,0.1,10.0,0.0,True,16,6,5,True,10,128,mps,False,100,0.01,1500,10,0.0,True,binary_cross_entropy,1,15,False,memory-based-concept-reasoner,,4
"Ablation Study - CMR - No Entropy Loss, Bronze Age",02_04_25_01_52,Infection,9,0.05000000074505806,,,,downloads,1.0,memory-based-concept-reasoner,bronze_age,,differentiable_argmax,32,0.1,10.0,0.0,True,16,6,5,True,10,128,mps,False,100,0.01,1500,10,0.0,True,binary_cross_entropy,1,15,False,memory-based-concept-reasoner,,4
"Ablation Study - CMR - No Entropy Loss, Bronze Age, Diff Argmax",02_04_25_04_17,Simple_Saturation,0,0.6980000138282776,,,,downloads,1.0,memory-based-concept-reasoner,bronze_age,differentiable_argmax,differentiable_argmax,32,0.1,10.0,0.0,True,16,3,1,True,10,128,mps,False,100,0.01,1500,10,0.0,True,binary_cross_entropy,1,15,False,memory-based-concept-reasoner,,4
"Ablation Study - CMR - No Entropy Loss, Bronze Age, Diff Argmax",02_04_25_04_17,Simple_Saturation,1,0.3019999861717224,,,,downloads,1.0,memory-based-concept-reasoner,bronze_age,differentiable_argmax,differentiable_argmax,32,0.1,10.0,0.0,True,16,3,1,True,10,128,mps,False,100,0.01,1500,10,0.0,True,binary_cross_entropy,1,15,False,memory-based-concept-reasoner,,4
"Ablation Study - CMR - No Entropy Loss, Bronze Age, Diff Argmax",02_04_25_04_17,Simple_Saturation,2,0.3019999861717224,,,,downloads,1.0,memory-based-concept-reasoner,bronze_age,differentiable_argmax,differentiable_argmax,32,0.1,10.0,0.0,True,16,3,1,True,10,128,mps,False,100,0.01,1500,10,0.0,True,binary_cross_entropy,1,15,False,memory-based-concept-reasoner,,4
"Ablation Study - CMR - No Entropy Loss, Bronze Age, Diff Argmax",02_04_25_04_17,Simple_Saturation,3,0.3019999861717224,,,,downloads,1.0,memory-based-concept-reasoner,bronze_age,differentiable_argmax,differentiable_argmax,32,0.1,10.0,0.0,True,16,3,1,True,10,128,mps,False,100,0.01,1500,10,0.0,True,binary_cross_entropy,1,15,False,memory-based-concept-reasoner,,4
"Ablation Study - CMR - No Entropy Loss, Bronze Age, Diff Argmax",02_04_25_04_17,Simple_Saturation,4,0.6980000138282776,,,,downloads,1.0,memory-based-concept-reasoner,bronze_age,differentiable_argmax,differentiable_argmax,32,0.1,10.0,0.0,True,16,3,1,True,10,128,mps,False,100,0.01,1500,10,0.0,True,binary_cross_entropy,1,15,False,memory-based-concept-reasoner,,4
"Ablation Study - CMR - No Entropy Loss, Bronze Age, Diff Argmax",02_04_25_04_17,Simple_Saturation,5,0.6980000138282776,,,,downloads,1.0,memory-based-concept-reasoner,bronze_age,differentiable_argmax,differentiable_argmax,32,0.1,10.0,0.0,True,16,3,1,True,10,128,mps,False,100,0.01,1500,10,0.0,True,binary_cross_entropy,1,15,False,memory-based-concept-reasoner,,4
"Ablation Study - CMR - No Entropy Loss, Bronze Age, Diff Argmax",02_04_25_04_17,Simple_Saturation,6,0.3019999861717224,,,,downloads,1.0,memory-based-concept-reasoner,bronze_age,differentiable_argmax,differentiable_argmax,32,0.1,10.0,0.0,True,16,3,1,True,10,128,mps,False,100,0.01,1500,10,0.0,True,binary_cross_entropy,1,15,False,memory-based-concept-reasoner,,4
"Ablation Study - CMR - No Entropy Loss, Bronze Age, Diff Argmax",02_04_25_04_17,Simple_Saturation,7,0.3019999861717224,,,,downloads,1.0,memory-based-concept-reasoner,bronze_age,differentiable_argmax,differentiable_argmax,32,0.1,10.0,0.0,True,16,3,1,True,10,128,mps,False,100,0.01,1500,10,0.0,True,binary_cross_entropy,1,15,False,memory-based-concept-reasoner,,4
"Ablation Study - CMR - No Entropy Loss, Bronze Age, Diff Argmax",02_04_25_04_17,Simple_Saturation,8,0.3019999861717224,,,,downloads,1.0,memory-based-concept-reasoner,bronze_age,differentiable_argmax,differentiable_argmax,32,0.1,10.0,0.0,True,16,3,1,True,10,128,mps,False,100,0.01,1500,10,0.0,True,binary_cross_entropy,1,15,False,memory-based-concept-reasoner,,4
"Ablation Study - CMR - No Entropy Loss, Bronze Age, Diff Argmax",02_04_25_04_17,Simple_Saturation,9,0.3019999861717224,,,,downloads,1.0,memory-based-concept-reasoner,bronze_age,differentiable_argmax,differentiable_argmax,32,0.1,10.0,0.0,True,16,3,1,True,10,128,mps,False,100,0.01,1500,10,0.0,True,binary_cross_entropy,1,15,False,memory-based-concept-reasoner,,4
"Ablation Study - CMR - No Entropy Loss, Bronze Age, Diff Argmax",02_04_25_04_17,Saturation,0,0.5,,,,downloads,1.0,memory-based-concept-reasoner,bronze_age,differentiable_argmax,differentiable_argmax,32,0.1,10.0,0.0,True,16,3,1,True,10,1,mps,False,100,0.01,1500,10,0.0,True,binary_cross_entropy,1,15,False,memory-based-concept-reasoner,,4
"Ablation Study - CMR - No Entropy Loss, Bronze Age, Diff Argmax",02_04_25_04_17,Saturation,1,0.5,,,,downloads,1.0,memory-based-concept-reasoner,bronze_age,differentiable_argmax,differentiable_argmax,32,0.1,10.0,0.0,True,16,3,1,True,10,1,mps,False,100,0.01,1500,10,0.0,True,binary_cross_entropy,1,15,False,memory-based-concept-reasoner,,4
"Ablation Study - CMR - No Entropy Loss, Bronze Age, Diff Argmax",02_04_25_04_17,Saturation,2,0.5,,,,downloads,1.0,memory-based-concept-reasoner,bronze_age,differentiable_argmax,differentiable_argmax,32,0.1,10.0,0.0,True,16,3,1,True,10,1,mps,False,100,0.01,1500,10,0.0,True,binary_cross_entropy,1,15,False,memory-based-concept-reasoner,,4
"Ablation Study - CMR - No Entropy Loss, Bronze Age, Diff Argmax",02_04_25_04_17,Saturation,3,0.5,,,,downloads,1.0,memory-based-concept-reasoner,bronze_age,differentiable_argmax,differentiable_argmax,32,0.1,10.0,0.0,True,16,3,1,True,10,1,mps,False,100,0.01,1500,10,0.0,True,binary_cross_entropy,1,15,False,memory-based-concept-reasoner,,4
"Ablation Study - CMR - No Entropy Loss, Bronze Age, Diff Argmax",02_04_25_04_17,Saturation,4,0.5,,,,downloads,1.0,memory-based-concept-reasoner,bronze_age,differentiable_argmax,differentiable_argmax,32,0.1,10.0,0.0,True,16,3,1,True,10,1,mps,False,100,0.01,1500,10,0.0,True,binary_cross_entropy,1,15,False,memory-based-concept-reasoner,,4
"Ablation Study - CMR - No Entropy Loss, Bronze Age, Diff Argmax",02_04_25_04_17,Saturation,5,0.5,,,,downloads,1.0,memory-based-concept-reasoner,bronze_age,differentiable_argmax,differentiable_argmax,32,0.1,10.0,0.0,True,16,3,1,True,10,1,mps,False,100,0.01,1500,10,0.0,True,binary_cross_entropy,1,15,False,memory-based-concept-reasoner,,4
"Ablation Study - CMR - No Entropy Loss, Bronze Age, Diff Argmax",02_04_25_04_17,Saturation,6,0.5,,,,downloads,1.0,memory-based-concept-reasoner,bronze_age,differentiable_argmax,differentiable_argmax,32,0.1,10.0,0.0,True,16,3,1,True,10,1,mps,False,100,0.01,1500,10,0.0,True,binary_cross_entropy,1,15,False,memory-based-concept-reasoner,,4
"Ablation Study - CMR - No Entropy Loss, Bronze Age, Diff Argmax",02_04_25_04_17,Saturation,7,0.5,,,,downloads,1.0,memory-based-concept-reasoner,bronze_age,differentiable_argmax,differentiable_argmax,32,0.1,10.0,0.0,True,16,3,1,True,10,1,mps,False,100,0.01,1500,10,0.0,True,binary_cross_entropy,1,15,False,memory-based-concept-reasoner,,4
"Ablation Study - CMR - No Entropy Loss, Bronze Age, Diff Argmax",02_04_25_04_17,Saturation,8,0.5,,,,downloads,1.0,memory-based-concept-reasoner,bronze_age,differentiable_argmax,differentiable_argmax,32,0.1,10.0,0.0,True,16,3,1,True,10,1,mps,False,100,0.01,1500,10,0.0,True,binary_cross_entropy,1,15,False,memory-based-concept-reasoner,,4
"Ablation Study - CMR - No Entropy Loss, Bronze Age, Diff Argmax",02_04_25_04_17,Saturation,9,0.5,,,,downloads,1.0,memory-based-concept-reasoner,bronze_age,differentiable_argmax,differentiable_argmax,32,0.1,10.0,0.0,True,16,3,1,True,10,1,mps,False,100,0.01,1500,10,0.0,True,binary_cross_entropy,1,15,False,memory-based-concept-reasoner,,4
"Ablation Study - CMR - No Entropy Loss, Bronze Age, Diff Argmax",02_04_25_04_17,Infection,0,0.05000000074505806,,,,downloads,1.0,memory-based-concept-reasoner,bronze_age,differentiable_argmax,differentiable_argmax,32,0.1,10.0,0.0,True,16,6,5,True,10,128,mps,False,100,0.01,1500,10,0.0,True,binary_cross_entropy,1,15,False,memory-based-concept-reasoner,,4
"Ablation Study - CMR - No Entropy Loss, Bronze Age, Diff Argmax",02_04_25_04_17,Infection,1,0.05000000074505806,,,,downloads,1.0,memory-based-concept-reasoner,bronze_age,differentiable_argmax,differentiable_argmax,32,0.1,10.0,0.0,True,16,6,5,True,10,128,mps,False,100,0.01,1500,10,0.0,True,binary_cross_entropy,1,15,False,memory-based-concept-reasoner,,4
"Ablation Study - CMR - No Entropy Loss, Bronze Age, Diff Argmax",02_04_25_04_17,Infection,2,0.05000000074505806,,,,downloads,1.0,memory-based-concept-reasoner,bronze_age,differentiable_argmax,differentiable_argmax,32,0.1,10.0,0.0,True,16,6,5,True,10,128,mps,False,100,0.01,1500,10,0.0,True,binary_cross_entropy,1,15,False,memory-based-concept-reasoner,,4
"Ablation Study - CMR - No Entropy Loss, Bronze Age, Diff Argmax",02_04_25_04_17,Infection,3,0.05000000074505806,,,,downloads,1.0,memory-based-concept-reasoner,bronze_age,differentiable_argmax,differentiable_argmax,32,0.1,10.0,0.0,True,16,6,5,True,10,128,mps,False,100,0.01,1500,10,0.0,True,binary_cross_entropy,1,15,False,memory-based-concept-reasoner,,4
"Ablation Study - CMR - No Entropy Loss, Bronze Age, Diff Argmax",02_04_25_04_17,Infection,4,0.05000000074505806,,,,downloads,1.0,memory-based-concept-reasoner,bronze_age,differentiable_argmax,differentiable_argmax,32,0.1,10.0,0.0,True,16,6,5,True,10,128,mps,False,100,0.01,1500,10,0.0,True,binary_cross_entropy,1,15,False,memory-based-concept-reasoner,,4
"Ablation Study - CMR - No Entropy Loss, Bronze Age, Diff Argmax",02_04_25_04_17,Infection,5,0.05000000074505806,,,,downloads,1.0,memory-based-concept-reasoner,bronze_age,differentiable_argmax,differentiable_argmax,32,0.1,10.0,0.0,True,16,6,5,True,10,128,mps,False,100,0.01,1500,10,0.0,True,binary_cross_entropy,1,15,False,memory-based-concept-reasoner,,4
"Ablation Study - CMR - No Entropy Loss, Bronze Age, Diff Argmax",02_04_25_04_17,Infection,6,0.05000000074505806,,,,downloads,1.0,memory-based-concept-reasoner,bronze_age,differentiable_argmax,differentiable_argmax,32,0.1,10.0,0.0,True,16,6,5,True,10,128,mps,False,100,0.01,1500,10,0.0,True,binary_cross_entropy,1,15,False,memory-based-concept-reasoner,,4
"Ablation Study - CMR - No Entropy Loss, Bronze Age, Diff Argmax",02_04_25_04_17,Infection,7,0.05000000074505806,,,,downloads,1.0,memory-based-concept-reasoner,bronze_age,differentiable_argmax,differentiable_argmax,32,0.1,10.0,0.0,True,16,6,5,True,10,128,mps,False,100,0.01,1500,10,0.0,True,binary_cross_entropy,1,15,False,memory-based-concept-reasoner,,4
"Ablation Study - CMR - No Entropy Loss, Bronze Age, Diff Argmax",02_04_25_04_17,Infection,8,0.05000000074505806,,,,downloads,1.0,memory-based-concept-reasoner,bronze_age,differentiable_argmax,differentiable_argmax,32,0.1,10.0,0.0,True,16,6,5,True,10,128,mps,False,100,0.01,1500,10,0.0,True,binary_cross_entropy,1,15,False,memory-based-concept-reasoner,,4
"Ablation Study - CMR - No Entropy Loss, Bronze Age, Diff Argmax",02_04_25_04_17,Infection,9,0.05000000074505806,,,,downloads,1.0,memory-based-concept-reasoner,bronze_age,differentiable_argmax,differentiable_argmax,32,0.1,10.0,0.0,True,16,6,5,True,10,128,mps,False,100,0.01,1500,10,0.0,True,binary_cross_entropy,1,15,False,memory-based-concept-reasoner,,4
"Ablation Study - CMR - No Entropy Loss, Comparison",02_04_25_03_42,Simple_Saturation,0,0.3019999861717224,,,,downloads,1.0,memory-based-concept-reasoner,bronze_age_comparison,,differentiable_argmax,32,0.1,10.0,0.0,True,16,3,1,True,10,128,mps,False,100,0.01,1500,10,0.0,True,binary_cross_entropy,1,15,False,memory-based-concept-reasoner,,4
"Ablation Study - CMR - No Entropy Loss, Comparison",02_04_25_03_42,Simple_Saturation,1,0.3019999861717224,,,,downloads,1.0,memory-based-concept-reasoner,bronze_age_comparison,,differentiable_argmax,32,0.1,10.0,0.0,True,16,3,1,True,10,128,mps,False,100,0.01,1500,10,0.0,True,binary_cross_entropy,1,15,False,memory-based-concept-reasoner,,4
"Ablation Study - CMR - No Entropy Loss, Comparison",02_04_25_03_42,Simple_Saturation,2,0.6980000138282776,,,,downloads,1.0,memory-based-concept-reasoner,bronze_age_comparison,,differentiable_argmax,32,0.1,10.0,0.0,True,16,3,1,True,10,128,mps,False,100,0.01,1500,10,0.0,True,binary_cross_entropy,1,15,False,memory-based-concept-reasoner,,4
"Ablation Study - CMR - No Entropy Loss, Comparison",02_04_25_03_42,Simple_Saturation,3,0.3019999861717224,,,,downloads,1.0,memory-based-concept-reasoner,bronze_age_comparison,,differentiable_argmax,32,0.1,10.0,0.0,True,16,3,1,True,10,128,mps,False,100,0.01,1500,10,0.0,True,binary_cross_entropy,1,15,False,memory-based-concept-reasoner,,4
"Ablation Study - CMR - No Entropy Loss, Comparison",02_04_25_03_42,Simple_Saturation,4,0.3019999861717224,,,,downloads,1.0,memory-based-concept-reasoner,bronze_age_comparison,,differentiable_argmax,32,0.1,10.0,0.0,True,16,3,1,True,10,128,mps,False,100,0.01,1500,10,0.0,True,binary_cross_entropy,1,15,False,memory-based-concept-reasoner,,4
"Ablation Study - CMR - No Entropy Loss, Comparison",02_04_25_03_42,Simple_Saturation,5,0.6980000138282776,,,,downloads,1.0,memory-based-concept-reasoner,bronze_age_comparison,,differentiable_argmax,32,0.1,10.0,0.0,True,16,3,1,True,10,128,mps,False,100,0.01,1500,10,0.0,True,binary_cross_entropy,1,15,False,memory-based-concept-reasoner,,4
"Ablation Study - CMR - No Entropy Loss, Comparison",02_04_25_03_42,Simple_Saturation,6,0.6980000138282776,,,,downloads,1.0,memory-based-concept-reasoner,bronze_age_comparison,,differentiable_argmax,32,0.1,10.0,0.0,True,16,3,1,True,10,128,mps,False,100,0.01,1500,10,0.0,True,binary_cross_entropy,1,15,False,memory-based-concept-reasoner,,4
"Ablation Study - CMR - No Entropy Loss, Comparison",02_04_25_03_42,Simple_Saturation,7,0.3019999861717224,,,,downloads,1.0,memory-based-concept-reasoner,bronze_age_comparison,,differentiable_argmax,32,0.1,10.0,0.0,True,16,3,1,True,10,128,mps,False,100,0.01,1500,10,0.0,True,binary_cross_entropy,1,15,False,memory-based-concept-reasoner,,4
"Ablation Study - CMR - No Entropy Loss, Comparison",02_04_25_03_42,Simple_Saturation,8,0.3019999861717224,,,,downloads,1.0,memory-based-concept-reasoner,bronze_age_comparison,,differentiable_argmax,32,0.1,10.0,0.0,True,16,3,1,True,10,128,mps,False,100,0.01,1500,10,0.0,True,binary_cross_entropy,1,15,False,memory-based-concept-reasoner,,4
"Ablation Study - CMR - No Entropy Loss, Comparison",02_04_25_03_42,Simple_Saturation,9,0.703000009059906,,,,downloads,1.0,memory-based-concept-reasoner,bronze_age_comparison,,differentiable_argmax,32,0.1,10.0,0.0,True,16,3,1,True,10,128,mps,False,100,0.01,1500,10,0.0,True,binary_cross_entropy,1,15,False,memory-based-concept-reasoner,,4
"Ablation Study - CMR - No Entropy Loss, Comparison",02_04_25_03_42,Saturation,0,0.5049999952316284,,,,downloads,1.0,memory-based-concept-reasoner,bronze_age_comparison,,differentiable_argmax,32,0.1,10.0,0.0,True,16,3,1,True,10,1,mps,False,100,0.01,1500,10,0.0,True,binary_cross_entropy,1,15,False,memory-based-concept-reasoner,,4
"Ablation Study - CMR - No Entropy Loss, Comparison",02_04_25_03_42,Saturation,1,0.5049999952316284,,,,downloads,1.0,memory-based-concept-reasoner,bronze_age_comparison,,differentiable_argmax,32,0.1,10.0,0.0,True,16,3,1,True,10,1,mps,False,100,0.01,1500,10,0.0,True,binary_cross_entropy,1,15,False,memory-based-concept-reasoner,,4
"Ablation Study - CMR - No Entropy Loss, Comparison",02_04_25_03_42,Saturation,2,0.5049999952316284,,,,downloads,1.0,memory-based-concept-reasoner,bronze_age_comparison,,differentiable_argmax,32,0.1,10.0,0.0,True,16,3,1,True,10,1,mps,False,100,0.01,1500,10,0.0,True,binary_cross_entropy,1,15,False,memory-based-concept-reasoner,,4
"Ablation Study - CMR - No Entropy Loss, Comparison",02_04_25_03_42,Saturation,3,0.5049999952316284,,,,downloads,1.0,memory-based-concept-reasoner,bronze_age_comparison,,differentiable_argmax,32,0.1,10.0,0.0,True,16,3,1,True,10,1,mps,False,100,0.01,1500,10,0.0,True,binary_cross_entropy,1,15,False,memory-based-concept-reasoner,,4
"Ablation Study - CMR - No Entropy Loss, Comparison",02_04_25_03_42,Saturation,4,0.5,,,,downloads,1.0,memory-based-concept-reasoner,bronze_age_comparison,,differentiable_argmax,32,0.1,10.0,0.0,True,16,3,1,True,10,1,mps,False,100,0.01,1500,10,0.0,True,binary_cross_entropy,1,15,False,memory-based-concept-reasoner,,4
"Ablation Study - CMR - No Entropy Loss, Comparison",02_04_25_03_42,Saturation,5,0.5,,,,downloads,1.0,memory-based-concept-reasoner,bronze_age_comparison,,differentiable_argmax,32,0.1,10.0,0.0,True,16,3,1,True,10,1,mps,False,100,0.01,1500,10,0.0,True,binary_cross_entropy,1,15,False,memory-based-concept-reasoner,,4
"Ablation Study - CMR - No Entropy Loss, Comparison",02_04_25_03_42,Saturation,6,0.5049999952316284,,,,downloads,1.0,memory-based-concept-reasoner,bronze_age_comparison,,differentiable_argmax,32,0.1,10.0,0.0,True,16,3,1,True,10,1,mps,False,100,0.01,1500,10,0.0,True,binary_cross_entropy,1,15,False,memory-based-concept-reasoner,,4
"Ablation Study - CMR - No Entropy Loss, Comparison",02_04_25_03_42,Saturation,7,0.5,,,,downloads,1.0,memory-based-concept-reasoner,bronze_age_comparison,,differentiable_argmax,32,0.1,10.0,0.0,True,16,3,1,True,10,1,mps,False,100,0.01,1500,10,0.0,True,binary_cross_entropy,1,15,False,memory-based-concept-reasoner,,4
"Ablation Study - CMR - No Entropy Loss, Comparison",02_04_25_03_42,Saturation,8,0.5049999952316284,,,,downloads,1.0,memory-based-concept-reasoner,bronze_age_comparison,,differentiable_argmax,32,0.1,10.0,0.0,True,16,3,1,True,10,1,mps,False,100,0.01,1500,10,0.0,True,binary_cross_entropy,1,15,False,memory-based-concept-reasoner,,4
"Ablation Study - CMR - No Entropy Loss, Comparison",02_04_25_03_42,Saturation,9,0.5,,,,downloads,1.0,memory-based-concept-reasoner,bronze_age_comparison,,differentiable_argmax,32,0.1,10.0,0.0,True,16,3,1,True,10,1,mps,False,100,0.01,1500,10,0.0,True,binary_cross_entropy,1,15,False,memory-based-concept-reasoner,,4
"Ablation Study - CMR - No Entropy Loss, Comparison",02_04_25_03_42,Infection,0,0.05000000074505806,,,,downloads,1.0,memory-based-concept-reasoner,bronze_age_comparison,,differentiable_argmax,32,0.1,10.0,0.0,True,16,6,5,True,10,128,mps,False,100,0.01,1500,10,0.0,True,binary_cross_entropy,1,15,False,memory-based-concept-reasoner,,4
"Ablation Study - CMR - No Entropy Loss, Comparison",02_04_25_03_42,Infection,1,0.05000000074505806,,,,downloads,1.0,memory-based-concept-reasoner,bronze_age_comparison,,differentiable_argmax,32,0.1,10.0,0.0,True,16,6,5,True,10,128,mps,False,100,0.01,1500,10,0.0,True,binary_cross_entropy,1,15,False,memory-based-concept-reasoner,,4
"Ablation Study - CMR - No Entropy Loss, Comparison",02_04_25_03_42,Infection,2,0.05000000074505806,,,,downloads,1.0,memory-based-concept-reasoner,bronze_age_comparison,,differentiable_argmax,32,0.1,10.0,0.0,True,16,6,5,True,10,128,mps,False,100,0.01,1500,10,0.0,True,binary_cross_entropy,1,15,False,memory-based-concept-reasoner,,4
"Ablation Study - CMR - No Entropy Loss, Comparison",02_04_25_03_42,Infection,3,0.05000000074505806,,,,downloads,1.0,memory-based-concept-reasoner,bronze_age_comparison,,differentiable_argmax,32,0.1,10.0,0.0,True,16,6,5,True,10,128,mps,False,100,0.01,1500,10,0.0,True,binary_cross_entropy,1,15,False,memory-based-concept-reasoner,,4
"Ablation Study - CMR - No Entropy Loss, Comparison",02_04_25_03_42,Infection,4,0.05000000074505806,,,,downloads,1.0,memory-based-concept-reasoner,bronze_age_comparison,,differentiable_argmax,32,0.1,10.0,0.0,True,16,6,5,True,10,128,mps,False,100,0.01,1500,10,0.0,True,binary_cross_entropy,1,15,False,memory-based-concept-reasoner,,4
"Ablation Study - CMR - No Entropy Loss, Comparison",02_04_25_03_42,Infection,5,0.05000000074505806,,,,downloads,1.0,memory-based-concept-reasoner,bronze_age_comparison,,differentiable_argmax,32,0.1,10.0,0.0,True,16,6,5,True,10,128,mps,False,100,0.01,1500,10,0.0,True,binary_cross_entropy,1,15,False,memory-based-concept-reasoner,,4
"Ablation Study - CMR - No Entropy Loss, Comparison",02_04_25_03_42,Infection,6,0.05000000074505806,,,,downloads,1.0,memory-based-concept-reasoner,bronze_age_comparison,,differentiable_argmax,32,0.1,10.0,0.0,True,16,6,5,True,10,128,mps,False,100,0.01,1500,10,0.0,True,binary_cross_entropy,1,15,False,memory-based-concept-reasoner,,4
"Ablation Study - CMR - No Entropy Loss, Comparison",02_04_25_03_42,Infection,7,0.05000000074505806,,,,downloads,1.0,memory-based-concept-reasoner,bronze_age_comparison,,differentiable_argmax,32,0.1,10.0,0.0,True,16,6,5,True,10,128,mps,False,100,0.01,1500,10,0.0,True,binary_cross_entropy,1,15,False,memory-based-concept-reasoner,,4
"Ablation Study - CMR - No Entropy Loss, Comparison",02_04_25_03_42,Infection,8,0.05000000074505806,,,,downloads,1.0,memory-based-concept-reasoner,bronze_age_comparison,,differentiable_argmax,32,0.1,10.0,0.0,True,16,6,5,True,10,128,mps,False,100,0.01,1500,10,0.0,True,binary_cross_entropy,1,15,False,memory-based-concept-reasoner,,4
"Ablation Study - CMR - No Entropy Loss, Comparison",02_04_25_03_42,Infection,9,0.05000000074505806,,,,downloads,1.0,memory-based-concept-reasoner,bronze_age_comparison,,differentiable_argmax,32,0.1,10.0,0.0,True,16,6,5,True,10,128,mps,False,100,0.01,1500,10,0.0,True,binary_cross_entropy,1,15,False,memory-based-concept-reasoner,,4
"Ablation Study - CMR - No Entropy Loss, Rounded",02_04_25_02_49,Simple_Saturation,0,0.3019999861717224,,,,downloads,1.0,memory-based-concept-reasoner,bronze_age_rounded,,differentiable_argmax,32,0.1,10.0,0.0,True,16,3,1,True,10,128,mps,False,100,0.01,1500,10,0.0,True,binary_cross_entropy,1,15,False,memory-based-concept-reasoner,,4
"Ablation Study - CMR - No Entropy Loss, Rounded",02_04_25_02_49,Simple_Saturation,1,0.3019999861717224,,,,downloads,1.0,memory-based-concept-reasoner,bronze_age_rounded,,differentiable_argmax,32,0.1,10.0,0.0,True,16,3,1,True,10,128,mps,False,100,0.01,1500,10,0.0,True,binary_cross_entropy,1,15,False,memory-based-concept-reasoner,,4
"Ablation Study - CMR - No Entropy Loss, Rounded",02_04_25_02_49,Simple_Saturation,2,0.703000009059906,,,,downloads,1.0,memory-based-concept-reasoner,bronze_age_rounded,,differentiable_argmax,32,0.1,10.0,0.0,True,16,3,1,True,10,128,mps,False,100,0.01,1500,10,0.0,True,binary_cross_entropy,1,15,False,memory-based-concept-reasoner,,4
"Ablation Study - CMR - No Entropy Loss, Rounded",02_04_25_02_49,Simple_Saturation,3,0.3019999861717224,,,,downloads,1.0,memory-based-concept-reasoner,bronze_age_rounded,,differentiable_argmax,32,0.1,10.0,0.0,True,16,3,1,True,10,128,mps,False,100,0.01,1500,10,0.0,True,binary_cross_entropy,1,15,False,memory-based-concept-reasoner,,4
"Ablation Study - CMR - No Entropy Loss, Rounded",02_04_25_02_49,Simple_Saturation,4,0.703000009059906,,,,downloads,1.0,memory-based-concept-reasoner,bronze_age_rounded,,differentiable_argmax,32,0.1,10.0,0.0,True,16,3,1,True,10,128,mps,False,100,0.01,1500,10,0.0,True,binary_cross_entropy,1,15,False,memory-based-concept-reasoner,,4
"Ablation Study - CMR - No Entropy Loss, Rounded",02_04_25_02_49,Simple_Saturation,5,0.6980000138282776,,,,downloads,1.0,memory-based-concept-reasoner,bronze_age_rounded,,differentiable_argmax,32,0.1,10.0,0.0,True,16,3,1,True,10,128,mps,False,100,0.01,1500,10,0.0,True,binary_cross_entropy,1,15,False,memory-based-concept-reasoner,,4
"Ablation Study - CMR - No Entropy Loss, Rounded",02_04_25_02_49,Simple_Saturation,6,0.703000009059906,,,,downloads,1.0,memory-based-concept-reasoner,bronze_age_rounded,,differentiable_argmax,32,0.1,10.0,0.0,True,16,3,1,True,10,128,mps,False,100,0.01,1500,10,0.0,True,binary_cross_entropy,1,15,False,memory-based-concept-reasoner,,4
"Ablation Study - CMR - No Entropy Loss, Rounded",02_04_25_02_49,Simple_Saturation,7,0.3019999861717224,,,,downloads,1.0,memory-based-concept-reasoner,bronze_age_rounded,,differentiable_argmax,32,0.1,10.0,0.0,True,16,3,1,True,10,128,mps,False,100,0.01,1500,10,0.0,True,binary_cross_entropy,1,15,False,memory-based-concept-reasoner,,4
"Ablation Study - CMR - No Entropy Loss, Rounded",02_04_25_02_49,Simple_Saturation,8,0.6980000138282776,,,,downloads,1.0,memory-based-concept-reasoner,bronze_age_rounded,,differentiable_argmax,32,0.1,10.0,0.0,True,16,3,1,True,10,128,mps,False,100,0.01,1500,10,0.0,True,binary_cross_entropy,1,15,False,memory-based-concept-reasoner,,4
"Ablation Study - CMR - No Entropy Loss, Rounded",02_04_25_02_49,Simple_Saturation,9,0.703000009059906,,,,downloads,1.0,memory-based-concept-reasoner,bronze_age_rounded,,differentiable_argmax,32,0.1,10.0,0.0,True,16,3,1,True,10,128,mps,False,100,0.01,1500,10,0.0,True,binary_cross_entropy,1,15,False,memory-based-concept-reasoner,,4
"Ablation Study - CMR - No Entropy Loss, Rounded",02_04_25_02_49,Saturation,0,0.5049999952316284,,,,downloads,1.0,memory-based-concept-reasoner,bronze_age_rounded,,differentiable_argmax,32,0.1,10.0,0.0,True,16,3,1,True,10,1,mps,False,100,0.01,1500,10,0.0,True,binary_cross_entropy,1,15,False,memory-based-concept-reasoner,,4
"Ablation Study - CMR - No Entropy Loss, Rounded",02_04_25_02_49,Saturation,1,0.5,,,,downloads,1.0,memory-based-concept-reasoner,bronze_age_rounded,,differentiable_argmax,32,0.1,10.0,0.0,True,16,3,1,True,10,1,mps,False,100,0.01,1500,10,0.0,True,binary_cross_entropy,1,15,False,memory-based-concept-reasoner,,4
"Ablation Study - CMR - No Entropy Loss, Rounded",02_04_25_02_49,Saturation,2,0.5049999952316284,,,,downloads,1.0,memory-based-concept-reasoner,bronze_age_rounded,,differentiable_argmax,32,0.1,10.0,0.0,True,16,3,1,True,10,1,mps,False,100,0.01,1500,10,0.0,True,binary_cross_entropy,1,15,False,memory-based-concept-reasoner,,4
"Ablation Study - CMR - No Entropy Loss, Rounded",02_04_25_02_49,Saturation,3,0.5,,,,downloads,1.0,memory-based-concept-reasoner,bronze_age_rounded,,differentiable_argmax,32,0.1,10.0,0.0,True,16,3,1,True,10,1,mps,False,100,0.01,1500,10,0.0,True,binary_cross_entropy,1,15,False,memory-based-concept-reasoner,,4
"Ablation Study - CMR - No Entropy Loss, Rounded",02_04_25_02_49,Saturation,4,0.5049999952316284,,,,downloads,1.0,memory-based-concept-reasoner,bronze_age_rounded,,differentiable_argmax,32,0.1,10.0,0.0,True,16,3,1,True,10,1,mps,False,100,0.01,1500,10,0.0,True,binary_cross_entropy,1,15,False,memory-based-concept-reasoner,,4
"Ablation Study - CMR - No Entropy Loss, Rounded",02_04_25_02_49,Saturation,5,0.5049999952316284,,,,downloads,1.0,memory-based-concept-reasoner,bronze_age_rounded,,differentiable_argmax,32,0.1,10.0,0.0,True,16,3,1,True,10,1,mps,False,100,0.01,1500,10,0.0,True,binary_cross_entropy,1,15,False,memory-based-concept-reasoner,,4
"Ablation Study - CMR - No Entropy Loss, Rounded",02_04_25_02_49,Saturation,6,0.5,,,,downloads,1.0,memory-based-concept-reasoner,bronze_age_rounded,,differentiable_argmax,32,0.1,10.0,0.0,True,16,3,1,True,10,1,mps,False,100,0.01,1500,10,0.0,True,binary_cross_entropy,1,15,False,memory-based-concept-reasoner,,4
"Ablation Study - CMR - No Entropy Loss, Rounded",02_04_25_02_49,Saturation,7,0.5049999952316284,,,,downloads,1.0,memory-based-concept-reasoner,bronze_age_rounded,,differentiable_argmax,32,0.1,10.0,0.0,True,16,3,1,True,10,1,mps,False,100,0.01,1500,10,0.0,True,binary_cross_entropy,1,15,False,memory-based-concept-reasoner,,4
"Ablation Study - CMR - No Entropy Loss, Rounded",02_04_25_02_49,Saturation,8,0.5,,,,downloads,1.0,memory-based-concept-reasoner,bronze_age_rounded,,differentiable_argmax,32,0.1,10.0,0.0,True,16,3,1,True,10,1,mps,False,100,0.01,1500,10,0.0,True,binary_cross_entropy,1,15,False,memory-based-concept-reasoner,,4
"Ablation Study - CMR - No Entropy Loss, Rounded",02_04_25_02_49,Saturation,9,0.5049999952316284,,,,downloads,1.0,memory-based-concept-reasoner,bronze_age_rounded,,differentiable_argmax,32,0.1,10.0,0.0,True,16,3,1,True,10,1,mps,False,100,0.01,1500,10,0.0,True,binary_cross_entropy,1,15,False,memory-based-concept-reasoner,,4
"Ablation Study - CMR - No Entropy Loss, Rounded",02_04_25_02_49,Infection,0,0.05000000074505806,,,,downloads,1.0,memory-based-concept-reasoner,bronze_age_rounded,,differentiable_argmax,32,0.1,10.0,0.0,True,16,6,5,True,10,128,mps,False,100,0.01,1500,10,0.0,True,binary_cross_entropy,1,15,False,memory-based-concept-reasoner,,4
"Ablation Study - CMR - No Entropy Loss, Rounded",02_04_25_02_49,Infection,1,0.05000000074505806,,,,downloads,1.0,memory-based-concept-reasoner,bronze_age_rounded,,differentiable_argmax,32,0.1,10.0,0.0,True,16,6,5,True,10,128,mps,False,100,0.01,1500,10,0.0,True,binary_cross_entropy,1,15,False,memory-based-concept-reasoner,,4
"Ablation Study - CMR - No Entropy Loss, Rounded",02_04_25_02_49,Infection,2,0.05000000074505806,,,,downloads,1.0,memory-based-concept-reasoner,bronze_age_rounded,,differentiable_argmax,32,0.1,10.0,0.0,True,16,6,5,True,10,128,mps,False,100,0.01,1500,10,0.0,True,binary_cross_entropy,1,15,False,memory-based-concept-reasoner,,4
"Ablation Study - CMR - No Entropy Loss, Rounded",02_04_25_02_49,Infection,3,0.05000000074505806,,,,downloads,1.0,memory-based-concept-reasoner,bronze_age_rounded,,differentiable_argmax,32,0.1,10.0,0.0,True,16,6,5,True,10,128,mps,False,100,0.01,1500,10,0.0,True,binary_cross_entropy,1,15,False,memory-based-concept-reasoner,,4
"Ablation Study - CMR - No Entropy Loss, Rounded",02_04_25_02_49,Infection,4,0.05000000074505806,,,,downloads,1.0,memory-based-concept-reasoner,bronze_age_rounded,,differentiable_argmax,32,0.1,10.0,0.0,True,16,6,5,True,10,128,mps,False,100,0.01,1500,10,0.0,True,binary_cross_entropy,1,15,False,memory-based-concept-reasoner,,4
"Ablation Study - CMR - No Entropy Loss, Rounded",02_04_25_02_49,Infection,5,0.05000000074505806,,,,downloads,1.0,memory-based-concept-reasoner,bronze_age_rounded,,differentiable_argmax,32,0.1,10.0,0.0,True,16,6,5,True,10,128,mps,False,100,0.01,1500,10,0.0,True,binary_cross_entropy,1,15,False,memory-based-concept-reasoner,,4
"Ablation Study - CMR - No Entropy Loss, Rounded",02_04_25_02_49,Infection,6,0.05000000074505806,,,,downloads,1.0,memory-based-concept-reasoner,bronze_age_rounded,,differentiable_argmax,32,0.1,10.0,0.0,True,16,6,5,True,10,128,mps,False,100,0.01,1500,10,0.0,True,binary_cross_entropy,1,15,False,memory-based-concept-reasoner,,4
"Ablation Study - CMR - No Entropy Loss, Rounded",02_04_25_02_49,Infection,7,0.05000000074505806,,,,downloads,1.0,memory-based-concept-reasoner,bronze_age_rounded,,differentiable_argmax,32,0.1,10.0,0.0,True,16,6,5,True,10,128,mps,False,100,0.01,1500,10,0.0,True,binary_cross_entropy,1,15,False,memory-based-concept-reasoner,,4
"Ablation Study - CMR - No Entropy Loss, Rounded",02_04_25_02_49,Infection,8,0.05000000074505806,,,,downloads,1.0,memory-based-concept-reasoner,bronze_age_rounded,,differentiable_argmax,32,0.1,10.0,0.0,True,16,6,5,True,10,128,mps,False,100,0.01,1500,10,0.0,True,binary_cross_entropy,1,15,False,memory-based-concept-reasoner,,4
"Ablation Study - CMR - No Entropy Loss, Rounded",02_04_25_02_49,Infection,9,0.05000000074505806,,,,downloads,1.0,memory-based-concept-reasoner,bronze_age_rounded,,differentiable_argmax,32,0.1,10.0,0.0,True,16,6,5,True,10,128,mps,False,100,0.01,1500,10,0.0,True,binary_cross_entropy,1,15,False,memory-based-concept-reasoner,,4
